﻿<?xml version="1.0" encoding="utf-8"?>
<postlinks>
  <row Id="103" CreationDate="2016-08-02T19:22:20.577" PostId="118" RelatedPostId="10" LinkTypeId="1" />
  <row Id="136" CreationDate="2016-08-02T21:18:16.763" PostId="140" RelatedPostId="36" LinkTypeId="1" />
  <row Id="171" CreationDate="2016-08-03T00:21:34.247" PostId="96" RelatedPostId="86" LinkTypeId="1" />
  <row Id="179" CreationDate="2016-08-03T05:15:39.443" PostId="179" RelatedPostId="26" LinkTypeId="1" />
  <row Id="194" CreationDate="2016-08-03T06:20:50.550" PostId="148" RelatedPostId="186" LinkTypeId="1" />
  <row Id="195" CreationDate="2016-08-03T06:37:01.983" PostId="37" RelatedPostId="74" LinkTypeId="1" />
  <row Id="196" CreationDate="2016-08-03T06:47:44.710" PostId="186" RelatedPostId="148" LinkTypeId="1" />
  <row Id="228" CreationDate="2016-08-03T09:18:52.437" PostId="202" RelatedPostId="26" LinkTypeId="1" />
  <row Id="280" CreationDate="2016-08-03T14:17:17.257" PostId="218" RelatedPostId="212" LinkTypeId="1" />
  <row Id="1581" CreationDate="2016-08-04T11:10:36.090" PostId="1296" RelatedPostId="240" LinkTypeId="1" />
  <row Id="1657" CreationDate="2016-08-04T18:52:55.680" PostId="1318" RelatedPostId="111" LinkTypeId="1" />
  <row Id="1719" CreationDate="2016-08-05T01:45:17.633" PostId="1354" RelatedPostId="92" LinkTypeId="1" />
  <row Id="1777" CreationDate="2016-08-05T18:34:03.610" PostId="1384" RelatedPostId="154" LinkTypeId="1" />
  <row Id="1778" CreationDate="2016-08-05T18:34:03.610" PostId="1384" RelatedPostId="225" LinkTypeId="1" />
  <row Id="1779" CreationDate="2016-08-05T18:34:03.610" PostId="1384" RelatedPostId="168" LinkTypeId="1" />
  <row Id="1780" CreationDate="2016-08-05T18:34:03.610" PostId="1384" RelatedPostId="205" LinkTypeId="1" />
  <row Id="1813" CreationDate="2016-08-06T01:27:03.500" PostId="1394" RelatedPostId="237" LinkTypeId="1" />
  <row Id="1829" CreationDate="2016-08-06T11:09:15.160" PostId="41" RelatedPostId="15" LinkTypeId="1" />
  <row Id="1831" CreationDate="2016-08-06T11:11:32.533" PostId="41" RelatedPostId="1397" LinkTypeId="1" />
  <row Id="1871" CreationDate="2016-08-07T07:39:38.143" PostId="1433" RelatedPostId="1376" LinkTypeId="1" />
  <row Id="1872" CreationDate="2016-08-07T12:59:43.577" PostId="1432" RelatedPostId="1420" LinkTypeId="1" />
  <row Id="1873" CreationDate="2016-08-07T12:59:43.577" PostId="1432" RelatedPostId="1396" LinkTypeId="1" />
  <row Id="1874" CreationDate="2016-08-07T17:14:07.107" PostId="70" RelatedPostId="1390" LinkTypeId="1" />
  <row Id="1895" CreationDate="2016-08-08T18:17:21.233" PostId="1462" RelatedPostId="1415" LinkTypeId="1" />
  <row Id="1968" CreationDate="2016-08-09T07:02:03.893" PostId="1477" RelatedPostId="1285" LinkTypeId="1" />
  <row Id="2018" CreationDate="2016-08-09T18:14:32.743" PostId="1477" RelatedPostId="1285" LinkTypeId="3" />
  <row Id="2029" CreationDate="2016-08-09T20:54:09.720" PostId="1501" RelatedPostId="60" LinkTypeId="1" />
  <row Id="2030" CreationDate="2016-08-09T20:54:09.720" PostId="1501" RelatedPostId="1376" LinkTypeId="1" />
  <row Id="2031" CreationDate="2016-08-09T20:54:09.720" PostId="1501" RelatedPostId="111" LinkTypeId="1" />
  <row Id="2032" CreationDate="2016-08-09T20:54:09.720" PostId="1501" RelatedPostId="1289" LinkTypeId="1" />
  <row Id="2077" CreationDate="2016-08-10T01:51:10.200" PostId="1461" RelatedPostId="1462" LinkTypeId="1" />
  <row Id="2099" CreationDate="2016-08-10T03:02:39.970" PostId="1519" RelatedPostId="1507" LinkTypeId="1" />
  <row Id="2100" CreationDate="2016-08-10T03:02:39.970" PostId="1519" RelatedPostId="1488" LinkTypeId="1" />
  <row Id="2112" CreationDate="2016-08-10T05:54:42.643" PostId="1509" RelatedPostId="1479" LinkTypeId="1" />
  <row Id="2113" CreationDate="2016-08-10T11:24:13.367" PostId="1485" RelatedPostId="1490" LinkTypeId="1" />
  <row Id="2116" CreationDate="2016-08-10T12:04:22.680" PostId="1515" RelatedPostId="1462" LinkTypeId="1" />
  <row Id="2226" CreationDate="2016-08-11T14:59:11.393" PostId="1544" RelatedPostId="1420" LinkTypeId="1" />
  <row Id="2284" CreationDate="2016-08-11T18:38:13.963" PostId="1540" RelatedPostId="1420" LinkTypeId="1" />
  <row Id="2333" CreationDate="2016-08-11T20:16:51.633" PostId="1567" RelatedPostId="1568" LinkTypeId="1" />
  <row Id="2345" CreationDate="2016-08-12T02:48:59.620" PostId="1561" RelatedPostId="1560" LinkTypeId="1" />
  <row Id="2464" CreationDate="2016-08-14T03:17:29.793" PostId="1614" RelatedPostId="1427" LinkTypeId="1" />
  <row Id="2486" CreationDate="2016-08-15T03:06:01.993" PostId="1622" RelatedPostId="35" LinkTypeId="1" />
  <row Id="2498" CreationDate="2016-08-15T03:28:50.017" PostId="186" RelatedPostId="148" LinkTypeId="3" />
  <row Id="2568" CreationDate="2016-08-16T01:48:02.907" PostId="1644" RelatedPostId="1560" LinkTypeId="1" />
  <row Id="2578" CreationDate="2016-08-16T09:36:55.380" PostId="1635" RelatedPostId="1630" LinkTypeId="1" />
  <row Id="2605" CreationDate="2016-08-17T02:29:19.100" PostId="1656" RelatedPostId="1274" LinkTypeId="1" />
  <row Id="2617" CreationDate="2016-08-17T02:46:03.100" PostId="1657" RelatedPostId="1655" LinkTypeId="1" />
  <row Id="2621" CreationDate="2016-08-17T09:25:43.740" PostId="1657" RelatedPostId="1598" LinkTypeId="1" />
  <row Id="2622" CreationDate="2016-08-17T09:31:16.330" PostId="1657" RelatedPostId="1507" LinkTypeId="1" />
  <row Id="2639" CreationDate="2016-08-17T11:57:42.683" PostId="1662" RelatedPostId="1656" LinkTypeId="1" />
  <row Id="2680" CreationDate="2016-08-17T14:52:26.230" PostId="211" RelatedPostId="1665" LinkTypeId="1" />
  <row Id="2684" CreationDate="2016-08-17T18:02:40.383" PostId="1478" RelatedPostId="1479" LinkTypeId="1" />
  <row Id="2875" CreationDate="2016-08-18T19:56:25.287" PostId="1691" RelatedPostId="92" LinkTypeId="1" />
  <row Id="2883" CreationDate="2016-08-19T16:51:02.167" PostId="1481" RelatedPostId="1644" LinkTypeId="1" />
  <row Id="2885" CreationDate="2016-08-19T18:40:46.010" PostId="1701" RelatedPostId="1481" LinkTypeId="1" />
  <row Id="2892" CreationDate="2016-08-19T22:57:49.740" PostId="1700" RelatedPostId="1617" LinkTypeId="1" />
  <row Id="2951" CreationDate="2016-08-23T20:28:49.450" PostId="1691" RelatedPostId="1689" LinkTypeId="1" />
  <row Id="2996" CreationDate="2016-08-26T02:52:48.400" PostId="1742" RelatedPostId="86" LinkTypeId="1" />
  <row Id="2999" CreationDate="2016-08-26T15:57:51.323" PostId="1742" RelatedPostId="86" LinkTypeId="3" />
  <row Id="3105" CreationDate="2016-08-29T19:38:38.710" PostId="1768" RelatedPostId="1404" LinkTypeId="1" />
  <row Id="3329" CreationDate="2016-09-07T17:26:07.590" PostId="1877" RelatedPostId="1870" LinkTypeId="1" />
  <row Id="3330" CreationDate="2016-09-07T20:13:49.120" PostId="1885" RelatedPostId="1314" LinkTypeId="1" />
  <row Id="3383" CreationDate="2016-09-10T10:54:14.413" PostId="1924" RelatedPostId="1488" LinkTypeId="1" />
  <row Id="3385" CreationDate="2016-09-10T14:27:34.203" PostId="1768" RelatedPostId="1897" LinkTypeId="1" />
  <row Id="3400" CreationDate="2016-09-10T19:03:07.180" PostId="1930" RelatedPostId="1404" LinkTypeId="1" />
  <row Id="3439" CreationDate="2016-09-11T06:44:59.863" PostId="1941" RelatedPostId="1930" LinkTypeId="1" />
  <row Id="3440" CreationDate="2016-09-11T06:44:59.863" PostId="1941" RelatedPostId="1404" LinkTypeId="1" />
  <row Id="3441" CreationDate="2016-09-11T09:16:16.310" PostId="1939" RelatedPostId="1635" LinkTypeId="1" />
  <row Id="3455" CreationDate="2016-09-11T15:57:30.730" PostId="1930" RelatedPostId="1941" LinkTypeId="1" />
  <row Id="3466" CreationDate="2016-09-12T08:25:15.313" PostId="1953" RelatedPostId="1540" LinkTypeId="1" />
  <row Id="3475" CreationDate="2016-09-13T18:47:31.657" PostId="1648" RelatedPostId="1507" LinkTypeId="1" />
  <row Id="3476" CreationDate="2016-09-13T23:39:02.003" PostId="1613" RelatedPostId="1955" LinkTypeId="1" />
  <row Id="3528" CreationDate="2016-09-14T15:23:54.217" PostId="1969" RelatedPostId="41" LinkTypeId="1" />
  <row Id="3544" CreationDate="2016-09-15T16:06:03.437" PostId="1978" RelatedPostId="40" LinkTypeId="1" />
  <row Id="3655" CreationDate="2016-09-20T17:49:46.740" PostId="2000" RelatedPostId="1396" LinkTypeId="1" />
  <row Id="3666" CreationDate="2016-09-22T04:34:42.000" PostId="1989" RelatedPostId="1751" LinkTypeId="1" />
  <row Id="3821" CreationDate="2016-10-01T11:45:39.427" PostId="2028" RelatedPostId="1751" LinkTypeId="1" />
  <row Id="3822" CreationDate="2016-10-01T11:46:06.403" PostId="2028" RelatedPostId="1751" LinkTypeId="3" />
  <row Id="4585" CreationDate="2016-10-04T19:06:15.487" PostId="2078" RelatedPostId="2067" LinkTypeId="1" />
  <row Id="4668" CreationDate="2016-10-07T12:37:10.003" PostId="2087" RelatedPostId="1541" LinkTypeId="1" />
  <row Id="5094" CreationDate="2016-10-12T16:36:38.953" PostId="2125" RelatedPostId="1507" LinkTypeId="1" />
  <row Id="5104" CreationDate="2016-10-12T17:12:53.330" PostId="2131" RelatedPostId="1834" LinkTypeId="1" />
  <row Id="5147" CreationDate="2016-10-13T15:34:53.750" PostId="2125" RelatedPostId="1507" LinkTypeId="3" />
  <row Id="5239" CreationDate="2016-10-15T07:37:18.947" PostId="2145" RelatedPostId="1751" LinkTypeId="1" />
  <row Id="5414" CreationDate="2016-10-19T07:02:55.260" PostId="2117" RelatedPostId="1618" LinkTypeId="1" />
  <row Id="5498" CreationDate="2016-10-22T13:18:19.850" PostId="2198" RelatedPostId="2192" LinkTypeId="1" />
  <row Id="5512" CreationDate="2016-10-23T16:20:59.140" PostId="2198" RelatedPostId="2192" LinkTypeId="3" />
  <row Id="5564" CreationDate="2016-10-25T09:27:22.237" PostId="2214" RelatedPostId="2048" LinkTypeId="1" />
  <row Id="5783" CreationDate="2016-10-31T07:10:10.157" PostId="2236" RelatedPostId="35" LinkTypeId="1" />
  <row Id="5895" CreationDate="2016-11-04T11:19:46.717" PostId="2251" RelatedPostId="1426" LinkTypeId="1" />
  <row Id="5896" CreationDate="2016-11-04T11:23:11.647" PostId="2251" RelatedPostId="160" LinkTypeId="1" />
  <row Id="6002" CreationDate="2016-11-07T17:04:39.907" PostId="2214" RelatedPostId="2118" LinkTypeId="1" />
  <row Id="6004" CreationDate="2016-11-07T19:30:01.783" PostId="2274" RelatedPostId="1768" LinkTypeId="1" />
  <row Id="6232" CreationDate="2016-11-16T07:17:07.643" PostId="2338" RelatedPostId="2330" LinkTypeId="1" />
  <row Id="6430" CreationDate="2016-11-26T12:17:47.990" PostId="2277" RelatedPostId="1354" LinkTypeId="1" />
  <row Id="6431" CreationDate="2016-11-26T12:56:08.473" PostId="2381" RelatedPostId="2347" LinkTypeId="1" />
  <row Id="6442" CreationDate="2016-11-26T15:04:17.683" PostId="2389" RelatedPostId="52" LinkTypeId="1" />
  <row Id="6528" CreationDate="2016-11-30T11:10:32.697" PostId="2409" RelatedPostId="1847" LinkTypeId="1" />
  <row Id="6691" CreationDate="2016-12-01T16:59:14.377" PostId="2413" RelatedPostId="2092" LinkTypeId="1" />
  <row Id="7517" CreationDate="2016-12-18T17:20:12.883" PostId="2441" RelatedPostId="2356" LinkTypeId="1" />
  <row Id="7523" CreationDate="2016-12-18T19:03:50.793" PostId="2498" RelatedPostId="2441" LinkTypeId="1" />
  <row Id="7550" CreationDate="2016-12-20T15:44:15.303" PostId="2514" RelatedPostId="1877" LinkTypeId="1" />
  <row Id="7632" CreationDate="2016-12-21T23:05:18.227" PostId="2516" RelatedPostId="1768" LinkTypeId="1" />
  <row Id="7974" CreationDate="2016-12-30T17:19:59.427" PostId="2578" RelatedPostId="1451" LinkTypeId="1" />
  <row Id="8336" CreationDate="2017-01-10T00:16:56.487" PostId="2626" RelatedPostId="2599" LinkTypeId="1" />
  <row Id="8388" CreationDate="2017-01-11T16:11:01.960" PostId="2619" RelatedPostId="240" LinkTypeId="1" />
  <row Id="8415" CreationDate="2017-01-12T15:31:01.383" PostId="2642" RelatedPostId="1507" LinkTypeId="1" />
  <row Id="8662" CreationDate="2017-01-19T21:38:28.100" PostId="2694" RelatedPostId="35" LinkTypeId="1" />
  <row Id="8674" CreationDate="2017-01-20T08:18:07.527" PostId="2694" RelatedPostId="35" LinkTypeId="3" />
  <row Id="8767" CreationDate="2017-01-23T17:54:57.023" PostId="2713" RelatedPostId="1561" LinkTypeId="1" />
  <row Id="9401" CreationDate="2017-02-06T09:33:57.737" PostId="2784" RelatedPostId="2604" LinkTypeId="1" />
  <row Id="9826" CreationDate="2017-02-16T14:11:46.497" PostId="2820" RelatedPostId="2330" LinkTypeId="1" />
  <row Id="10041" CreationDate="2017-02-23T21:11:34.133" PostId="2867" RelatedPostId="92" LinkTypeId="1" />
  <row Id="10042" CreationDate="2017-02-23T21:11:34.133" PostId="2867" RelatedPostId="1479" LinkTypeId="1" />
  <row Id="10167" CreationDate="2017-02-26T00:22:57.857" PostId="2872" RelatedPostId="2277" LinkTypeId="1" />
  <row Id="10178" CreationDate="2017-02-26T02:16:05.983" PostId="2864" RelatedPostId="2876" LinkTypeId="1" />
  <row Id="10329" CreationDate="2017-03-01T10:57:11.923" PostId="2897" RelatedPostId="2277" LinkTypeId="1" />
  <row Id="10330" CreationDate="2017-03-01T11:41:35.190" PostId="2897" RelatedPostId="2872" LinkTypeId="1" />
  <row Id="10355" CreationDate="2017-03-01T16:02:10.797" PostId="2872" RelatedPostId="2876" LinkTypeId="1" />
  <row Id="10356" CreationDate="2017-03-01T16:12:46.367" PostId="2277" RelatedPostId="2872" LinkTypeId="1" />
  <row Id="10357" CreationDate="2017-03-01T16:55:13.723" PostId="2897" RelatedPostId="2876" LinkTypeId="1" />
  <row Id="10403" CreationDate="2017-03-02T22:30:19.713" PostId="2900" RelatedPostId="2876" LinkTypeId="1" />
  <row Id="11252" CreationDate="2017-03-23T00:35:38.790" PostId="3032" RelatedPostId="3014" LinkTypeId="1" />
  <row Id="11253" CreationDate="2017-03-23T00:35:51.673" PostId="3032" RelatedPostId="3014" LinkTypeId="3" />
  <row Id="11812" CreationDate="2017-04-01T14:14:59.807" PostId="3080" RelatedPostId="3019" LinkTypeId="1" />
  <row Id="11854" CreationDate="2017-04-01T20:24:06.433" PostId="3066" RelatedPostId="3006" LinkTypeId="1" />
  <row Id="12044" CreationDate="2017-04-04T15:28:21.627" PostId="3099" RelatedPostId="1824" LinkTypeId="1" />
  <row Id="12941" CreationDate="2017-04-18T18:11:51.230" PostId="3161" RelatedPostId="2373" LinkTypeId="1" />
  <row Id="13104" CreationDate="2017-04-23T00:23:06.070" PostId="2706" RelatedPostId="15" LinkTypeId="1" />
  <row Id="13143" CreationDate="2017-04-24T07:04:49.023" PostId="1700" RelatedPostId="3130" LinkTypeId="1" />
  <row Id="14895" CreationDate="2017-05-29T09:02:28.270" PostId="3403" RelatedPostId="2980" LinkTypeId="1" />
  <row Id="14906" CreationDate="2017-05-29T09:12:54.353" PostId="3298" RelatedPostId="3258" LinkTypeId="1" />
  <row Id="15551" CreationDate="2017-06-06T20:33:36.100" PostId="3441" RelatedPostId="2306" LinkTypeId="1" />
  <row Id="16015" CreationDate="2017-06-13T14:42:56.007" PostId="3490" RelatedPostId="1970" LinkTypeId="1" />
  <row Id="16111" CreationDate="2017-06-15T19:47:46.973" PostId="3499" RelatedPostId="3072" LinkTypeId="1" />
  <row Id="16414" CreationDate="2017-06-23T17:10:50.830" PostId="3533" RelatedPostId="77" LinkTypeId="1" />
  <row Id="16421" CreationDate="2017-06-24T06:16:38.573" PostId="3533" RelatedPostId="2236" LinkTypeId="1" />
  <row Id="17022" CreationDate="2017-07-07T04:04:58.317" PostId="3590" RelatedPostId="15" LinkTypeId="1" />
  <row Id="17166" CreationDate="2017-07-10T16:04:29.177" PostId="3599" RelatedPostId="3573" LinkTypeId="1" />
  <row Id="17479" CreationDate="2017-07-17T13:17:35.240" PostId="3659" RelatedPostId="3647" LinkTypeId="1" />
  <row Id="17484" CreationDate="2017-07-17T17:17:21.027" PostId="2277" RelatedPostId="3138" LinkTypeId="1" />
  <row Id="17485" CreationDate="2017-07-17T17:17:57.097" PostId="1700" RelatedPostId="3138" LinkTypeId="1" />
  <row Id="17486" CreationDate="2017-07-17T17:20:11.497" PostId="1274" RelatedPostId="3138" LinkTypeId="1" />
  <row Id="17601" CreationDate="2017-07-18T18:38:47.580" PostId="3669" RelatedPostId="1906" LinkTypeId="1" />
  <row Id="17741" CreationDate="2017-07-21T17:14:48.403" PostId="3690" RelatedPostId="1705" LinkTypeId="1" />
  <row Id="18901" CreationDate="2017-07-26T00:04:16.653" PostId="3055" RelatedPostId="3494" LinkTypeId="1" />
  <row Id="18941" CreationDate="2017-07-26T15:19:07.080" PostId="3702" RelatedPostId="3696" LinkTypeId="1" />
  <row Id="18965" CreationDate="2017-07-26T23:53:24.097" PostId="3696" RelatedPostId="2092" LinkTypeId="1" />
  <row Id="19010" CreationDate="2017-07-27T16:50:35.287" PostId="3719" RelatedPostId="3630" LinkTypeId="1" />
  <row Id="19011" CreationDate="2017-07-27T16:50:35.287" PostId="3719" RelatedPostId="3398" LinkTypeId="1" />
  <row Id="19529" CreationDate="2017-08-05T07:13:33.760" PostId="3765" RelatedPostId="3753" LinkTypeId="1" />
  <row Id="19686" CreationDate="2017-08-07T19:19:53.870" PostId="3773" RelatedPostId="2226" LinkTypeId="1" />
  <row Id="20104" CreationDate="2017-08-15T16:48:36.920" PostId="3798" RelatedPostId="3802" LinkTypeId="1" />
  <row Id="20241" CreationDate="2017-08-18T15:38:23.583" PostId="3836" RelatedPostId="3814" LinkTypeId="1" />
  <row Id="20242" CreationDate="2017-08-18T15:51:02.303" PostId="3814" RelatedPostId="3836" LinkTypeId="1" />
</postlinks>