1156,0,0,20,0,47,14,2,5,232,3,27,3,0
3035,0,0,30,0,169,529,3,-1,351,4,64,6,0
1156,1,0,135,0,47,14,2,8,113,0,37,5,1
2883,0,0,132,0,81,64,25,8,113,0,37,5,1
1156,2,0,58,0,47,14,2,17,544,0,35,10,3
196,0,0,50,0,6,1,0,-1,351,4,64,6,0
742,0,0,187,0,25,112,9,8,276,6,84,11,1
196,1,0,65,0,6,1,0,8,276,6,84,11,1
5146,0,0,98,0,157,69,59,4,86,1,64,7,0
1933,0,2,257,0,57,275,20,8,276,6,84,11,1
1156,3,0,66,0,47,14,2,8,276,6,84,11,1
121,0,2,263,0,2,0,0,8,276,6,84,11,1
2883,1,0,197,0,81,64,25,8,276,6,84,11,1
742,1,0,126,0,25,112,9,22,601,2,56,15,3
226,0,0,77,0,3,28,1,19,507,0,27,4,7
1156,4,1,226,0,47,14,2,19,507,0,27,4,7
3035,1,2,141,0,169,529,3,16,388,2,60,8,4
1933,1,1,114,0,57,275,20,7,536,2,56,9,1
2883,2,0,177,0,81,64,25,22,601,2,56,15,3
232,0,0,446,0,6,9,1,19,507,0,27,4,7
2883,3,0,82,0,81,64,25,5,213,0,19,5,2
400,0,3,348,0,6,4,0,16,388,2,60,8,4
5146,1,0,119,0,157,69,59,7,536,2,56,9,1
2883,4,0,111,0,81,64,25,3,48,0,29,8,1
1156,5,4,26,0,47,14,2,28,2823,0,44,10,7
1933,2,0,220,0,57,275,20,3,48,0,29,8,1
365,0,0,131,0,1,5,0,28,2823,0,44,10,7
236,0,0,84,0,13,30,1,28,2823,0,44,10,7
2883,5,0,174,0,81,64,25,28,2823,0,44,10,7
2883,6,0,81,0,81,64,25,16,388,2,60,8,4
236,1,2,51,0,13,30,1,6,141,0,19,7,1
3035,2,0,237,0,169,529,3,22,578,0,14,11,4
2883,7,0,101,0,81,64,25,7,536,2,56,9,1
666,0,0,216,0,4,39,5,6,319,1,27,9,2
400,1,0,141,0,6,4,0,6,359,0,21,7,0
2883,8,0,205,0,81,64,25,4,98,0,82,12,1
3035,3,0,168,0,169,529,3,6,141,0,19,7,1
2883,9,0,291,0,81,64,25,1,72,0,28,8,0
1431,0,0,264,0,95,136,79,5,153,0,61,15,2
365,1,0,184,0,1,5,0,4,98,0,82,12,1
1933,3,0,49,0,57,275,20,-3,47,0,80,15,0
859,0,0,48,0,15,103,4,5,232,3,27,3,0
182,0,0,189,0,6,33,16,5,47,0,88,6,0
859,1,0,88,0,15,103,4,2,54,0,30,7,0
1431,1,2,93,0,95,136,79,4,54,0,101,9,0
480,0,1,89,0,3,17,1,15,435,0,15,9,4
859,2,0,39,0,15,103,4,15,435,0,15,9,4
1933,4,0,91,0,57,275,20,10,129,1,37,5,2
859,3,0,42,0,15,103,4,5,93,3,57,4,0
2883,10,0,211,0,81,64,25,5,93,3,57,4,0
2883,11,0,68,0,81,64,25,4,54,0,101,9,0
1933,5,0,245,0,57,275,20,5,47,0,88,6,0
338,0,0,196,0,6,9,5,1,145,0,33,7,0
742,2,0,243,0,25,112,9,4,98,0,82,12,1
119,0,2,96,0,1,14,0,2,54,0,30,7,0
1431,2,2,155,0,95,136,79,22,578,0,14,11,4
196,2,0,35,0,6,1,0,12,375,0,49,9,3
714,0,0,107,0,14,18,0,3,216,3,32,13,1
2883,12,0,187,0,81,64,25,8,84,0,55,8,3
2883,13,0,89,0,81,64,25,6,76,0,103,9,1
2883,14,0,157,0,81,64,25,4,49,0,49,9,0
714,1,0,126,0,14,18,0,4,49,0,49,9,0
2883,15,0,306,0,81,64,25,4,68,0,90,5,1
714,2,0,143,0,14,18,0,4,68,0,90,5,1
151,0,0,62,0,1,4,0,8,135,0,121,8,1
2883,16,0,183,0,81,64,25,8,135,0,121,8,1
742,3,1,148,0,25,112,9,8,135,0,121,8,1
2883,17,3,120,0,81,64,25,4,67,2,41,11,0
791,0,0,362,0,16,86,18,12,375,0,49,9,3
176,0,0,246,0,1,4,0,3,35,0,33,11,0
1431,3,10,164,0,95,136,79,43,2765,5,229,11,11
742,4,0,110,0,25,112,9,1,17,0,26,13,0
376,0,1,229,0,0,4,0,8,135,0,121,8,1
709,0,0,159,0,5,29,8,1,27,0,14,6,0
400,2,0,750,0,6,4,0,3,216,3,32,13,1
376,1,0,261,0,0,4,0,24,2918,0,21,8,6
176,1,0,225,0,1,4,0,5,73,0,18,4,1
709,1,3,139,0,5,29,8,7,536,2,56,9,1
146,0,0,85,0,2,1,0,6,96,2,124,10,0
1431,4,4,153,0,95,136,79,6,96,2,124,10,0
666,1,0,93,0,4,39,5,7,963,0,140,12,1
186,0,0,122,0,2,2,0,7,963,0,140,12,1
791,1,2,65,0,16,86,18,43,2765,5,229,11,11
666,2,0,145,0,4,39,5,43,2765,5,229,11,11
176,2,0,162,0,1,4,0,4,46,1,165,20,0
758,0,0,494,0,11,51,7,12,375,0,49,9,3
791,2,3,396,0,16,86,18,6,96,2,124,10,0
141,0,0,108,0,2,4,1,12,375,0,49,9,3
2883,18,0,114,0,81,64,25,10,180,5,21,12,1
2883,19,0,174,0,81,64,25,24,2918,0,21,8,6
791,3,1,193,0,16,86,18,10,180,5,21,12,1
2883,20,0,260,0,81,64,25,4,53,0,75,14,0
791,4,0,54,0,16,86,18,1,36,0,83,9,1
338,1,2,200,0,6,9,5,14,393,1,102,6,3
791,5,0,15,0,16,86,18,0,33,0,25,3,1
859,4,6,107,0,15,103,4,10,98,0,21,7,1
742,5,0,121,0,25,112,9,0,33,0,25,3,1
338,2,0,285,0,6,9,5,5,153,0,61,15,2
5146,2,1,56,0,157,69,59,1,31,7,183,8,1
5146,3,0,138,0,157,69,59,14,393,1,102,6,3
5146,4,0,101,0,157,69,59,2,169,5,56,14,0
5146,5,0,67,0,157,69,59,1,37,0,44,10,0
742,6,3,119,0,25,112,9,5,67,2,48,13,0
3035,4,1,247,0,169,529,3,6,319,1,27,9,2
378,0,1,177,0,6,20,5,43,2765,5,229,11,11
758,1,0,255,0,11,51,7,13,143,4,51,11,1
5146,6,0,70,0,157,69,59,1,92,0,108,11,1
5146,7,0,85,0,157,69,59,5,53,0,35,10,1
9,0,0,40,0,0,7,1,0,23,0,120,12,0
5146,8,0,67,0,157,69,59,0,23,0,120,12,0
5146,9,0,49,0,157,69,59,4,67,2,41,11,0
5146,10,2,78,0,157,69,59,3,33,0,69,8,0
5146,11,0,166,0,157,69,59,3,348,1,373,7,0
3035,5,1,284,0,169,529,3,5,232,3,27,3,0
2883,21,0,210,0,81,64,25,1,59,3,31,6,0
2883,22,5,507,0,81,64,25,4,55,3,45,10,0
5146,12,0,87,0,157,69,59,-6,100,4,64,10,0
236,2,5,90,0,13,30,1,6,329,3,30,8,0
3035,6,0,103,0,169,529,3,-6,100,4,64,10,0
5146,13,0,126,0,157,69,59,5,66,2,53,15,0
2883,23,1,118,0,81,64,25,5,66,2,53,15,0
5146,14,0,82,0,157,69,59,3,145,1,23,9,1
5146,15,0,199,0,157,69,59,8,198,2,84,14,2
5146,16,0,58,0,157,69,59,1,115,0,58,12,0
714,3,0,217,0,14,18,0,8,198,2,84,14,2
714,4,2,278,0,14,18,0,8,208,9,88,14,3
1156,6,0,449,0,47,14,2,8,208,9,88,14,3
5146,17,0,227,0,157,69,59,8,208,9,88,14,3
131,0,0,334,0,0,6,0,8,208,9,88,14,3
1431,5,0,373,0,95,136,79,32,1516,3,179,12,10
3035,7,0,164,0,169,529,3,3,57,4,46,9,1
5146,18,0,63,0,157,69,59,0,33,0,25,3,1
3035,8,1,131,0,169,529,3,3,69,1,118,8,0
5146,19,0,135,0,157,69,59,5,120,2,108,14,2
791,6,0,674,0,16,86,18,5,50,0,120,8,0
791,7,0,52,0,16,86,18,3,52,0,88,8,1
791,8,0,224,0,16,86,18,32,1516,3,179,12,10
1933,6,0,217,0,57,275,20,8,198,2,84,14,2
282,0,0,133,0,5,19,0,2,45,2,26,13,0
709,2,3,201,0,5,29,8,6,329,3,30,8,0
758,2,2,110,0,11,51,7,4,206,3,55,9,0
5146,20,3,212,0,157,69,59,2,70,1,119,9,0
480,1,2,209,0,3,17,1,3,69,1,118,8,0
5146,21,5,106,0,157,69,59,8,91,0,39,8,3
5146,22,0,70,0,157,69,59,4,174,0,49,5,1
378,1,1,155,0,6,20,5,1,326,3,81,11,0
179,0,2,160,0,5,0,0,1,326,3,81,11,0
143,0,0,161,0,1,14,0,3,69,1,118,8,0
499,0,1,210,0,4,20,4,0,107,6,65,18,2
2883,24,0,174,0,81,64,25,1,51,4,62,10,0
2883,25,0,166,0,81,64,25,6,1791,0,21,6,6
2883,26,1,103,0,81,64,25,7,127,0,54,5,1
2883,27,0,220,0,81,64,25,4,253,1,70,11,0
179,1,0,31,0,5,0,0,4,253,1,70,11,0
2883,28,0,54,0,81,64,25,13,143,4,51,11,1
859,5,3,76,0,15,103,4,1,107,1,52,7,2
791,9,1,655,0,16,86,18,8,208,9,88,14,3
2883,29,0,131,0,81,64,25,1,107,1,52,7,2
2883,30,0,155,0,81,64,25,2,31,6,90,16,0
791,10,0,67,0,16,86,18,2,31,6,90,16,0
5146,23,0,167,0,157,69,59,2,42,0,118,7,0
499,1,2,309,0,4,20,4,4,253,1,70,11,0
5146,24,1,221,0,157,69,59,3,37,0,72,13,0
2883,31,2,222,0,81,64,25,4,74,0,27,8,0
176,3,0,141,0,1,4,0,1,38,2,49,11,0
5146,25,0,155,0,157,69,59,22,578,0,14,11,4
226,1,0,398,0,3,28,1,0,107,6,65,18,2
5146,26,0,40,0,157,69,59,12,293,0,93,8,5
272,0,0,90,0,4,24,2,5,120,2,108,14,2
272,1,0,124,0,4,24,2,2,54,0,33,11,0
791,11,0,63,0,16,86,18,14,148,2,44,13,4
666,3,4,258,0,4,39,5,16,329,3,166,12,2
859,6,0,160,0,15,103,4,14,148,2,44,13,4
5146,27,0,417,0,157,69,59,9,94,1,50,10,0
480,2,0,308,0,3,17,1,11,200,3,58,5,1
859,7,0,81,0,15,103,4,8,136,2,34,11,0
5146,28,0,127,0,157,69,59,4,154,4,30,9,1
5146,29,0,108,0,157,69,59,8,136,2,34,11,0
101,0,10,37,0,7,9,2,5,298,3,106,13,2
338,3,0,259,0,6,9,5,6,86,2,94,8,2
2883,32,1,212,0,81,64,25,0,26,0,85,12,0
2883,33,0,118,0,81,64,25,5,85,0,105,10,0
2883,34,0,210,0,81,64,25,3,54,0,111,11,0
5146,30,0,99,0,157,69,59,3,54,0,111,11,0
5146,31,0,231,0,157,69,59,1,46,1,86,11,0
1431,6,0,224,0,95,136,79,1,46,1,86,11,0
5146,32,0,168,0,157,69,59,-2,43,1,103,11,0
5146,33,0,163,0,157,69,59,2,59,0,74,8,0
378,0,1,52,0,10,322,3,2,127,6,136,10,2
5146,34,0,106,0,157,69,59,2,127,6,136,10,2
378,1,0,189,0,10,322,3,4,86,1,64,7,0
272,2,3,93,0,4,24,2,5,144,0,179,9,0
3035,9,0,158,0,169,529,3,2,65,0,26,11,1
31,0,0,107,0,0,1,0,11,1041,0,72,11,0
176,0,0,87,0,1,6,0,8,101,0,131,15,1
5146,35,0,44,0,157,69,59,8,101,0,131,15,1
5146,36,0,117,0,157,69,59,11,1041,0,72,11,0
714,5,4,233,0,14,18,0,2,43,0,64,19,0
5146,37,0,143,0,157,69,59,2,43,0,64,19,0
714,6,2,173,0,14,18,0,11,1041,0,72,11,0
5146,38,1,75,0,157,69,59,3,652,0,48,8,1
378,2,0,253,0,10,322,3,2,65,0,26,11,1
378,3,0,76,0,10,322,3,8,136,2,34,11,0
378,4,0,133,0,10,322,3,4,42,0,56,11,1
2883,35,0,55,0,81,64,25,2,219,0,139,5,0
2883,36,0,106,0,81,64,25,4,42,0,56,11,1
2883,37,0,124,0,81,64,25,6,319,1,27,9,2
499,2,0,299,0,4,20,4,32,1516,3,179,12,10
2883,38,0,289,0,81,64,25,5,239,0,114,9,1
5146,39,0,161,0,157,69,59,8,84,0,55,8,3
5146,40,0,241,0,157,69,59,8,792,0,62,8,4
378,5,0,51,0,10,322,3,8,792,0,62,8,4
3035,10,0,246,0,169,529,3,2,219,0,139,5,0
3035,11,0,149,0,169,529,3,0,19,0,46,8,0
3035,12,0,268,0,169,529,3,1,166,0,52,11,1
3035,13,0,450,0,169,529,3,1,100,6,36,12,2
378,6,0,90,0,10,322,3,4,187,2,108,11,0
2883,39,0,114,0,81,64,25,-4,58,1,27,6,0
5146,41,1,166,0,157,69,59,4,38,1,22,11,1
5146,42,0,75,0,157,69,59,9,106,0,52,8,2
5146,43,0,175,0,157,69,59,1,100,6,36,12,2
5146,44,0,109,0,157,69,59,2,224,4,91,11,0
758,3,0,582,0,11,51,7,5,65,0,125,12,0
758,4,0,60,0,11,51,7,9,106,0,52,8,2
5146,45,0,79,0,157,69,59,7,963,0,140,12,1
5146,46,0,254,0,157,69,59,5,99,1,157,10,1
758,5,0,379,0,11,51,7,5,99,1,157,10,1
3035,14,0,92,0,169,529,3,13,143,4,51,11,1
709,3,1,81,0,5,29,8,1,45,2,81,13,1
850,0,0,221,0,59,70,1,11,271,0,43,12,2
1431,7,0,248,0,95,136,79,2,169,5,56,14,0
1156,7,0,58,0,47,14,2,2,37,0,54,11,1
758,6,0,352,0,11,51,7,2,42,0,118,7,0
282,1,1,150,0,5,19,0,3,50,0,85,10,0
5146,47,1,51,0,157,69,59,3,50,0,85,10,0
1933,7,0,93,0,57,275,20,16,582,3,70,6,3
1933,8,0,160,0,57,275,20,5,144,0,179,9,0
714,7,0,215,0,14,18,0,5,714,3,16,8,1
1933,9,0,61,0,57,275,20,2,54,0,33,11,0
5146,48,0,73,0,157,69,59,5,714,3,16,8,1
1933,10,0,95,0,57,275,20,3,50,0,85,10,0
1933,11,0,45,0,57,275,20,4,42,0,56,11,1
282,2,4,154,0,5,19,0,5,144,0,179,9,0
17,0,2,69,0,1,0,0,5,714,3,16,8,1
758,7,1,157,0,11,51,7,16,582,3,70,6,3
5146,49,0,94,0,157,69,59,17,1043,4,92,10,6
61,0,0,35,0,0,0,0,17,1043,4,92,10,6
2883,40,3,349,0,81,64,25,0,226,0,74,7,1
36,0,1,157,0,2,0,0,2,42,1,78,8,1
5146,50,0,43,0,157,69,59,0,100,3,98,6,0
179,2,0,53,0,5,0,0,5,260,3,51,12,0
5146,51,0,260,0,157,69,59,0,32,0,29,10,0
143,1,0,65,0,1,14,0,0,100,3,98,6,0
282,3,1,46,0,5,19,0,2,63,7,135,11,1
2883,41,0,103,0,81,64,25,1,52,2,47,10,0
3035,15,0,125,0,169,529,3,5,714,3,16,8,1
3035,16,0,81,0,169,529,3,16,582,3,70,6,3
709,4,0,66,0,5,29,8,1,418,1,38,8,1
456,0,2,294,0,7,0,0,11,780,0,53,9,2
5146,52,0,116,0,157,69,59,1,37,0,65,9,0
758,8,2,407,0,11,51,7,5,260,3,51,12,0
5146,53,0,85,0,157,69,59,1,47,0,111,7,0
456,1,0,140,0,7,0,0,2,130,0,37,6,0
5146,54,0,38,0,157,69,59,5,67,2,48,13,0
709,5,0,80,0,5,29,8,1,429,2,49,7,0
2883,42,0,322,0,81,64,25,0,149,0,127,5,0
1933,12,2,191,0,57,275,20,3,96,7,113,11,0
1933,13,4,204,0,57,275,20,17,1043,4,92,10,6
456,2,0,169,0,7,0,0,8,320,0,46,6,2
3035,17,0,115,0,169,529,3,32,1516,3,179,12,10
282,4,3,367,0,5,19,0,2,67,6,187,17,0
1156,8,0,72,0,47,14,2,7,73,0,20,11,1
1156,9,0,53,0,47,14,2,5,103,1,77,8,1
1156,10,0,36,0,47,14,2,3,155,2,186,5,0
5146,55,0,243,0,157,69,59,5,103,1,77,8,1
492,0,3,290,0,4,10,0,5,103,1,77,8,1
492,1,1,52,0,4,10,0,17,544,0,35,10,3
5146,56,0,127,0,157,69,59,3,155,2,186,5,0
5146,57,0,317,0,157,69,59,0,77,4,77,6,0
3035,18,0,187,0,169,529,3,0,48,0,113,8,0
79,0,3,103,0,2,10,0,3,475,3,81,13,0
1251,0,2,86,0,54,4,49,3,475,3,81,13,0
180,0,1,27,0,3,4,2,43,2765,5,229,11,11
3035,19,3,584,0,169,529,3,1,60,6,43,10,0
3035,20,4,220,0,169,529,3,1,160,10,37,7,0
3035,21,0,276,0,169,529,3,11,296,9,113,18,0
3035,22,0,418,0,169,529,3,5,260,3,51,12,0
492,2,0,70,0,4,10,0,7,73,0,20,11,1
2883,43,0,259,0,81,64,25,3,475,3,81,13,0
101,1,0,176,0,7,9,2,5,80,0,78,14,1
101,2,2,144,0,7,9,2,4,110,1,90,8,0
101,3,2,94,0,7,9,2,5,146,5,65,6,0
101,4,0,48,0,7,9,2,5,146,5,65,6,0
5146,58,2,68,0,157,69,59,4,110,1,90,8,0
1933,14,0,90,0,57,275,20,4,110,1,90,8,0
1933,15,0,77,0,57,275,20,8,320,0,46,6,2
5146,59,0,168,0,157,69,59,2,65,1,153,15,0
338,4,0,457,0,6,9,5,2,65,1,153,15,0
1933,16,3,161,0,57,275,20,2,67,0,123,11,0
176,0,0,469,0,1,2,0,1,44,0,118,18,0
5146,60,0,31,0,157,69,59,3,29,0,33,7,0
49,0,1,448,0,1,2,0,2,65,1,153,15,0
272,3,1,157,0,4,24,2,5,58,1,59,8,0
3035,23,1,267,0,169,529,3,14,393,1,102,6,3
1933,17,0,101,0,57,275,20,3,46,0,53,15,0
1933,18,0,123,0,57,275,20,2,30,0,56,11,0
3035,24,0,259,0,169,529,3,28,2823,0,44,10,7
5146,61,0,122,0,157,69,59,8,183,2,98,18,1
492,3,0,213,0,4,10,0,1,73,1,103,11,0
742,7,0,58,0,25,112,9,2,73,0,108,14,0
5146,62,0,256,0,157,69,59,2,157,3,35,14,1
1431,8,0,158,0,95,136,79,3,128,2,98,10,0
5146,63,2,217,0,157,69,59,3,128,2,98,10,0
2883,44,0,183,0,81,64,25,1,57,0,79,16,0
350,0,0,770,0,4,146,2,2,157,3,35,14,1
2883,45,2,322,0,81,64,25,6,223,2,58,11,1
526,0,2,263,0,13,4,4,6,223,2,58,11,1
526,1,0,203,0,13,4,4,3,128,2,98,10,0
5146,64,0,113,0,157,69,59,4,82,0,93,12,0
526,2,2,366,0,13,4,4,1,81,7,15,6,0
526,3,0,120,0,13,4,4,2,55,0,55,8,0
3035,25,0,237,0,169,529,3,1,429,2,49,7,0
1933,19,0,137,0,57,275,20,0,26,0,85,12,0
492,4,0,438,0,4,10,0,2,67,6,187,17,0
3035,26,0,210,0,169,529,3,-1,146,0,50,11,1
3035,27,0,111,0,169,529,3,-1,90,2,47,7,0
2883,46,3,136,0,81,64,25,6,198,2,193,10,0
5146,65,0,89,0,157,69,59,4,159,4,147,16,0
1933,20,0,264,0,57,275,20,4,186,0,50,8,3
3035,28,1,217,0,169,529,3,5,146,5,65,6,0
3035,29,0,202,0,169,529,3,5,146,5,65,6,0
526,4,1,273,0,13,4,4,4,222,1,105,10,0
526,5,0,207,0,13,4,4,14,355,3,137,12,1
526,6,0,161,0,13,4,4,4,159,4,147,16,0
1431,9,0,362,0,95,136,79,5,67,0,68,5,1
492,5,2,107,0,4,10,0,6,374,0,308,9,1
526,7,3,188,0,13,4,4,3,78,9,129,18,1
131,0,2,205,0,0,0,0,14,355,3,137,12,1
101,0,0,127,0,0,0,0,4,159,4,147,16,0
2883,47,0,119,0,81,64,25,2,198,3,328,8,0
119,0,8,234,0,3,41,0,8,792,0,62,8,4
491,0,0,264,0,5,5,0,8,792,0,62,8,4
491,1,0,318,0,5,5,0,14,355,3,137,12,1
41,0,0,86,0,1,7,0,6,186,0,162,12,0
76,0,0,70,0,0,0,0,5,78,1,108,11,0
96,0,0,68,0,0,0,0,6,186,0,162,12,0
119,1,0,226,0,3,41,0,16,329,3,166,12,2
491,2,0,62,0,5,5,0,3,314,3,78,10,1
455,0,0,41,0,4,95,5,3,314,3,78,10,1
709,6,0,35,0,5,29,8,6,90,0,95,10,0
1045,0,1,324,0,11,11,0,14,393,1,102,6,3
1045,1,2,34,0,11,11,0,16,329,3,166,12,2
1045,2,0,280,0,11,11,0,2,65,1,153,15,0
82,0,3,22,0,0,0,0,-1,176,0,78,14,0
2883,48,3,129,0,81,64,25,1,201,0,24,10,1
121,0,0,177,0,1,2,0,17,1043,4,92,10,6
1933,21,0,269,0,57,275,20,4,235,2,210,9,3
1933,22,0,101,0,57,275,20,5,85,0,105,10,0
1933,23,0,57,0,57,275,20,9,100,1,36,9,1
1933,24,0,80,0,57,275,20,0,54,0,75,7,1
1045,3,0,111,0,11,11,0,0,54,0,75,7,1
1156,11,0,119,0,47,14,2,5,143,0,62,10,0
49,1,0,77,0,1,2,0,14,393,1,102,6,3
5146,66,0,685,0,157,69,59,6,204,1,27,3,1
5146,67,0,121,0,157,69,59,1,1229,0,67,7,0
455,1,0,113,0,4,95,5,3,155,2,186,5,0
1251,1,19,284,0,54,4,49,125,26000,2,73,6,46
5146,68,3,246,0,157,69,59,125,26000,2,73,6,46
526,8,0,288,0,13,4,4,2,90,0,18,9,0
1933,25,0,331,0,57,275,20,125,26000,2,73,6,46
326,0,3,113,0,3,13,1,125,26000,2,73,6,46
1431,10,5,222,0,95,136,79,125,26000,2,73,6,46
1933,26,0,446,0,57,275,20,6,117,4,104,14,0
850,1,0,557,0,59,70,1,6,117,4,104,14,0
49,2,0,117,0,1,2,0,17,544,0,35,10,3
31,0,2,167,0,0,0,0,125,26000,2,73,6,46
1045,4,2,559,0,11,11,0,125,26000,2,73,6,46
169,0,0,315,0,1,2,0,125,26000,2,73,6,46
5146,69,0,176,0,157,69,59,1,47,3,128,9,0
151,0,0,241,0,0,0,0,125,26000,2,73,6,46
1045,5,1,464,0,11,11,0,43,2765,5,229,11,11
291,0,6,710,0,2,4,0,125,26000,2,73,6,46
1045,6,0,107,0,11,11,0,2,170,2,245,7,0
1045,7,5,22,0,11,11,0,4,221,7,152,13,1
526,9,2,189,0,13,4,4,4,221,7,152,13,1
1045,8,2,206,0,11,11,0,7,279,0,172,16,1
1045,9,0,122,0,11,11,0,1,92,0,108,11,1
1045,10,4,417,0,11,11,0,7,150,4,115,8,3
850,2,1,518,0,59,70,1,7,279,0,172,16,1
491,3,2,176,0,5,5,0,43,2765,5,229,11,11
491,4,1,366,0,5,5,0,1,139,0,69,14,0
49,3,1,138,0,1,2,0,125,26000,2,73,6,46
127,0,10,311,0,3,0,0,7,279,0,172,16,1
36,0,0,104,0,0,4,0,1,258,5,233,13,0
666,4,0,185,0,4,39,5,7,279,0,172,16,1
81,0,3,1757,0,3,2,0,4,221,7,152,13,1
129,0,0,196,0,0,0,0,6,203,1,62,11,0
455,2,1,461,0,4,95,5,6,203,1,62,11,0
455,3,0,359,0,4,95,5,4,221,7,152,13,1
455,4,0,83,0,4,95,5,8,281,2,53,7,0
455,5,0,68,0,4,95,5,5,80,0,78,14,1
1933,27,0,67,0,57,275,20,6,250,1,54,8,2
1045,11,5,78,0,11,11,0,6,250,1,54,8,2
1045,12,4,100,0,11,11,0,3,145,1,23,9,1
5146,70,0,107,0,157,69,59,4,217,0,396,13,0
5146,71,0,273,0,157,69,59,3,166,1,70,8,0
291,1,0,588,0,2,4,0,14,355,3,137,12,1
350,1,0,283,0,4,146,2,4,217,0,396,13,0
1045,13,0,84,0,11,11,0,14,355,3,137,12,1
1933,28,0,106,0,57,275,20,2,81,0,94,10,0
168,0,0,100,0,1,26,1,2,81,0,94,10,0
168,1,0,191,0,1,26,1,14,355,3,137,12,1
455,6,0,199,0,4,95,5,14,355,3,137,12,1
5146,72,0,136,0,157,69,59,9,182,0,384,8,0
119,0,0,286,0,0,0,0,9,182,0,384,8,0
1045,14,0,182,0,11,11,0,9,182,0,384,8,0
5146,73,0,32,0,157,69,59,2,103,1,81,7,0
31,0,0,348,0,0,0,0,8,183,2,98,18,1
2171,0,1,178,0,36,34,1,14,355,3,137,12,1
1933,29,1,82,0,57,275,20,4,217,0,396,13,0
1933,30,0,33,0,57,275,20,1,100,4,65,8,0
111,0,0,92,0,0,3,0,11,271,0,43,12,2
2883,49,0,179,0,81,64,25,0,32,0,99,15,0
11,0,0,463,0,0,0,0,4,217,0,396,13,0
168,2,0,59,0,1,26,1,5,44,0,84,5,0
1,0,0,242,0,2,0,0,12,293,0,93,8,5
2883,50,0,31,0,81,64,25,5,44,0,84,5,0
2883,51,2,110,0,81,64,25,4,581,8,39,6,3
2171,1,0,118,0,36,34,1,13,143,4,51,11,1
526,10,6,157,0,13,4,4,1,727,3,241,11,0
526,11,0,323,0,13,4,4,4,581,8,39,6,3
1933,31,9,336,0,57,275,20,4,581,8,39,6,3
5146,74,3,324,0,157,69,59,4,581,8,39,6,3
168,3,0,82,0,1,26,1,4,581,8,39,6,3
121,0,1,313,0,2,46,0,1,727,3,241,11,0
121,1,0,216,0,2,46,0,6,203,1,62,11,0
1933,32,0,237,0,57,275,20,4,158,1,227,8,0
1933,33,0,226,0,57,275,20,6,203,1,62,11,0
121,2,0,42,0,2,46,0,7,279,0,172,16,1
11,0,0,67,0,0,0,0,12,293,0,93,8,5
1,0,0,635,0,1,0,0,4,581,8,39,6,3
2171,2,1,216,0,36,34,1,1,77,0,93,8,0
5146,75,8,245,0,157,69,59,12,773,7,112,7,7
526,12,2,389,0,13,4,4,12,773,7,112,7,7
1045,15,0,88,0,11,11,0,12,773,7,112,7,7
1045,16,0,47,0,11,11,0,4,581,8,39,6,3
97,0,13,122,0,0,0,0,12,773,7,112,7,7
1933,34,3,86,0,57,275,20,3,104,1,57,5,1
131,0,0,236,0,0,0,0,12,773,7,112,7,7
44,0,0,115,0,2,2,0,1,105,0,132,8,3
44,1,1,72,0,2,2,0,2,222,1,43,8,0
492,6,0,501,0,4,10,0,1,105,0,132,8,3
1933,35,1,166,0,57,275,20,5,54,0,39,10,0
136,0,1,471,0,1,0,0,2,50,5,308,12,0
1933,36,1,116,0,57,275,20,1,238,2,50,7,1
111,0,0,1280,0,0,8,0,14,355,3,137,12,1
350,2,0,1607,0,4,146,2,12,773,7,112,7,7
136,1,0,107,0,1,0,0,1,77,0,93,8,0
11,0,0,185,0,0,0,0,12,773,7,112,7,7
5146,76,0,106,0,157,69,59,2,92,0,22,12,1
5146,77,0,76,0,157,69,59,1,143,0,54,5,0
3035,30,0,307,0,169,529,3,125,26000,2,73,6,46
2171,3,0,81,0,36,34,1,0,151,1,202,7,0
56,0,0,269,0,0,0,0,2,152,0,60,6,0
5146,78,2,194,0,157,69,59,5,222,3,33,15,1
5146,79,0,100,0,157,69,59,2,69,0,25,9,0
1431,11,0,337,0,95,136,79,2,69,0,25,9,0
2883,52,0,103,0,81,64,25,5,222,3,33,15,1
1933,37,0,170,0,57,275,20,5,222,3,33,15,1
758,9,0,453,0,11,51,7,5,222,3,33,15,1
41,1,0,148,0,1,7,0,2,74,3,64,16,0
5146,80,1,243,0,157,69,59,2,73,5,84,9,1
49,4,0,51,0,1,2,0,5,222,3,33,15,1
173,0,8,164,0,4,19,0,2,73,5,84,9,1
173,1,0,142,0,4,19,0,2,74,3,64,16,0
173,2,0,238,0,4,19,0,2,92,0,22,12,1
850,3,2,540,0,59,70,1,5,222,3,33,15,1
1045,17,0,202,0,11,11,0,5,54,0,39,10,0
173,3,0,83,0,4,19,0,7,139,2,38,14,0
5146,81,0,131,0,157,69,59,11,397,1,57,15,1
5146,82,0,251,0,157,69,59,1,84,1,85,10,0
1045,18,0,42,0,11,11,0,6,223,2,58,11,1
173,4,0,92,0,4,19,0,11,397,1,57,15,1
173,5,2,135,0,4,19,0,2,156,0,27,14,1
1,0,4,86,0,0,0,0,4,77,0,50,11,1
1,0,8,112,0,0,0,0,5,222,3,33,15,1
5146,83,0,215,0,157,69,59,2,101,1,58,13,0
5146,84,0,82,0,157,69,59,2,75,0,58,17,0
5146,85,0,89,0,157,69,59,5,217,0,176,6,5
5146,86,0,229,0,157,69,59,6,299,1,118,23,4
1251,2,3,395,0,54,4,49,6,299,1,118,23,4
173,6,0,41,0,4,19,0,5,217,0,176,6,5
1,0,0,401,0,2,0,0,2,101,1,58,13,0
2883,53,1,140,0,81,64,25,1,63,0,38,17,0
1933,38,0,190,0,57,275,20,1,63,0,38,17,0
1933,39,0,63,0,57,275,20,5,304,0,129,7,0
2883,54,0,49,0,81,64,25,5,304,0,129,7,0
111,1,0,312,0,0,8,0,1,63,0,38,17,0
109,0,0,65,0,0,1,0,11,397,1,57,15,1
350,3,0,242,0,4,146,2,5,217,0,176,6,5
206,0,2,180,0,6,0,3,5,259,1,51,9,1
2883,55,1,242,0,81,64,25,3,143,0,358,8,0
1933,40,0,111,0,57,275,20,3,143,0,358,8,0
2171,4,0,70,0,36,34,1,24,2918,0,21,8,6
2171,5,0,123,0,36,34,1,2,98,0,78,12,2
2171,6,0,217,0,36,34,1,5,231,0,554,8,0
11,0,0,124,0,0,0,0,0,348,4,109,6,0
2171,7,0,156,0,36,34,1,0,348,4,109,6,0
350,4,1,644,0,4,146,2,12,283,0,196,9,1
2171,8,3,245,0,36,34,1,5,391,0,183,9,0
1,0,0,239,0,1,0,0,4,158,1,227,8,0
2171,9,0,252,0,36,34,1,-1,132,0,144,21,1
206,1,1,116,0,6,0,3,5,391,0,183,9,0
1933,41,0,29,0,57,275,20,-1,132,0,144,21,1
2883,56,0,530,0,81,64,25,8,616,0,118,10,3
9,0,0,135,0,0,0,0,8,616,0,118,10,3
1,0,0,206,0,0,0,0,8,616,0,118,10,3
2171,10,0,114,0,36,34,1,4,132,0,187,9,1
36,0,0,173,0,0,0,0,2,156,0,27,14,1
1933,42,1,148,0,57,275,20,4,241,0,118,17,0
3,0,2,151,0,1,0,0,4,241,0,118,17,0
2883,57,0,71,0,81,64,25,0,35,0,440,15,0
2883,58,1,229,0,81,64,25,4,241,0,118,17,0
206,2,0,112,0,6,0,3,0,204,1,137,20,0
850,4,0,262,0,59,70,1,0,103,1,52,16,0
2171,11,0,109,0,36,34,1,0,204,1,137,20,0
1045,19,0,354,0,11,11,0,0,103,1,52,16,0
1045,20,0,193,0,11,11,0,8,616,0,118,10,3
1045,21,0,231,0,11,11,0,4,158,1,227,8,0
1045,22,1,496,0,11,11,0,5,723,2,27,10,3
850,5,1,645,0,59,70,1,5,723,2,27,10,3
3035,31,1,452,0,169,529,3,5,723,2,27,10,3
101,0,0,155,0,1,0,0,4,241,0,118,17,0
2883,59,0,66,0,81,64,25,1,58,0,128,11,0
1045,23,5,252,0,11,11,0,7,154,1,121,2,1
1045,24,0,118,0,11,11,0,0,79,1,118,3,0
5146,87,3,301,0,157,69,59,7,154,1,121,2,1
264,0,0,277,0,4,64,2,4,77,0,50,11,1
5146,88,0,106,0,157,69,59,0,35,0,440,15,0
1045,25,0,209,0,11,11,0,7,104,0,493,10,1
1045,26,0,461,0,11,11,0,0,127,1,145,11,2
36,1,1,201,0,0,0,0,0,35,0,440,15,0
421,0,0,131,0,10,0,0,2,387,1,36,14,2
2883,60,0,83,0,81,64,25,3,59,0,87,9,0
491,5,0,102,0,5,5,0,5,723,2,27,10,3
1045,27,0,101,0,11,11,0,3,59,0,87,9,0
121,0,0,250,0,0,1,0,17,544,0,35,10,3
1045,28,2,71,0,11,11,0,1,40,0,145,7,0
5146,89,0,83,0,157,69,59,1,40,0,145,7,0
1045,29,1,371,0,11,11,0,2,210,4,76,6,2
146,0,2,67,0,0,0,0,4,66,3,33,15,0
44,2,0,119,0,2,2,0,2,387,1,36,14,2
5146,90,0,183,0,157,69,59,4,66,3,33,15,0
1045,30,0,385,0,11,11,0,5,298,3,106,13,2
1045,31,0,31,0,11,11,0,4,235,2,210,9,3
850,6,0,548,0,59,70,1,15,317,0,325,12,1
5,0,1,131,0,1,0,0,7,329,0,50,7,2
2883,61,0,139,0,81,64,25,7,329,0,50,7,2
1431,12,1,201,0,95,136,79,7,329,0,50,7,2
546,0,0,414,0,65,34,20,7,329,0,50,7,2
9,0,0,94,0,0,0,0,5,298,3,106,13,2
421,1,0,35,0,10,0,0,2,136,0,75,12,1
421,2,1,69,0,10,0,0,0,44,0,17,17,0
79,1,0,440,0,2,10,0,3,778,4,70,5,2
5146,91,0,103,0,157,69,59,1,80,0,58,11,1
1045,32,0,70,0,11,11,0,3,778,4,70,5,2
5146,92,0,174,0,157,69,59,1,34,0,67,10,1
5146,93,0,141,0,157,69,59,1,58,3,168,8,1
139,0,0,27,0,1,4,0,3,56,0,77,6,0
2171,12,0,148,0,36,34,1,8,499,0,53,5,1
2171,13,2,195,0,36,34,1,4,176,0,101,7,2
118,0,5,118,0,0,4,0,3,778,4,70,5,2
432,0,2,146,0,10,45,8,1,286,1,69,4,1
1045,33,0,87,0,11,11,0,4,176,0,101,7,2
5146,94,0,159,0,157,69,59,1,286,1,69,4,1
164,0,3,238,0,2,1,0,3,778,4,70,5,2
164,1,0,285,0,2,1,0,0,86,0,109,7,0
1933,43,0,99,0,57,275,20,3,56,0,77,6,0
1933,44,0,77,0,57,275,20,3,778,4,70,5,2
86,0,0,79,0,0,11,0,5,298,3,106,13,2
216,0,0,84,0,4,2,0,8,499,0,53,5,1
216,1,1,133,0,4,2,0,10,434,2,102,8,0
119,0,2,111,0,1,0,0,0,170,4,40,4,0
101,0,1,1435,0,0,1,0,2,210,4,76,6,2
121,0,0,162,0,1,16,0,3,778,4,70,5,2
1,1,0,376,0,2,0,0,32,1516,3,179,12,10
5146,95,2,87,0,157,69,59,0,170,4,40,4,0
491,6,0,299,0,5,5,0,7,329,0,50,7,2
31,0,4,155,0,0,3,0,0,84,8,67,11,0
101,0,0,119,0,0,0,0,3,778,4,70,5,2
164,2,0,133,0,2,1,0,0,84,8,67,11,0
164,3,0,192,0,2,1,0,1,286,1,69,4,1
164,4,0,157,0,2,1,0,8,499,0,53,5,1
111,0,0,32,0,0,0,0,0,84,8,67,11,0
421,3,3,93,0,10,0,0,5,118,0,81,21,0
2171,14,2,104,0,36,34,1,5,118,0,81,21,0
2171,15,2,114,0,36,34,1,7,187,0,45,16,0
1933,45,0,205,0,57,275,20,7,187,0,45,16,0
82,1,0,83,0,0,0,0,0,316,3,154,10,0
141,0,0,99,0,0,1,0,8,499,0,53,5,1
5146,96,0,131,0,157,69,59,0,316,3,154,10,0
445,0,0,110,0,4,11,15,0,316,3,154,10,0
5146,97,0,210,0,157,69,59,1,239,0,197,17,0
51,0,0,139,0,1,0,0,1,239,0,197,17,0
51,1,0,359,0,1,0,0,1,42,0,51,9,0
546,1,0,332,0,65,34,20,11,475,5,35,13,5
1,0,1,131,0,2,0,0,1,239,0,197,17,0
216,0,3,47,0,2,1,0,6,178,0,104,8,1
1156,12,0,101,0,47,14,2,6,176,2,70,7,1
51,2,0,116,0,1,0,0,0,316,3,154,10,0
216,2,1,82,0,4,2,0,1,177,0,50,15,1
1045,34,0,220,0,11,11,0,0,37,1,44,7,0
491,7,0,208,0,5,5,0,6,178,0,104,8,1
164,5,0,63,0,2,1,0,0,92,0,23,18,0
216,3,0,44,0,4,2,0,1,154,1,52,10,0
216,4,1,145,0,4,2,0,5,229,11,389,4,1
1156,13,1,115,0,47,14,2,5,229,11,389,4,1
201,0,6,58,0,2,0,0,1,154,1,52,10,0
201,1,6,352,0,2,0,0,5,229,11,389,4,1
2171,16,1,247,0,36,34,1,5,229,11,389,4,1
201,2,0,145,0,2,0,0,7,329,0,50,7,2
455,7,0,91,0,4,95,5,8,815,0,167,6,1
185,0,0,160,0,1,11,1,8,815,0,167,6,1
185,1,0,177,0,1,11,1,0,112,3,38,9,0
21,0,0,133,0,0,0,0,0,112,3,38,9,0
181,0,0,164,0,0,0,0,6,178,0,104,8,1
216,5,4,155,0,4,2,0,4,153,3,483,12,0
350,5,0,764,0,4,146,2,4,206,3,55,9,0
0,0,0,29,0,0,0,0,8,499,0,53,5,1
111,0,0,208,0,0,0,0,8,499,0,53,5,1
720,0,0,193,0,16,23,2,28,2823,0,44,10,7
276,0,0,376,0,3,64,0,15,2913,0,56,9,8
720,1,0,226,0,16,23,2,15,2913,0,56,9,8
720,2,0,345,0,16,23,2,3,778,4,70,5,2
2171,17,3,400,0,36,34,1,4,200,0,388,12,0
2883,62,8,623,0,81,64,25,4,200,0,388,12,0
445,1,0,228,0,4,11,15,4,200,0,388,12,0
206,0,1,243,0,1,0,0,4,137,0,58,14,1
1,0,0,47,0,0,0,0,3,778,4,70,5,2
720,3,0,354,0,16,23,2,4,77,0,50,11,1
456,0,0,295,0,7,17,13,8,499,0,53,5,1
23,0,0,71,0,0,0,0,7,536,2,56,9,1
111,0,0,149,0,0,2,0,3,778,4,70,5,2
350,6,0,273,0,4,146,2,1,43,0,150,6,1
1265,0,0,86,0,45,374,2,5,169,1,29,5,2
2171,18,5,104,0,36,34,1,0,56,0,59,6,0
2171,19,0,51,0,36,34,1,1,75,1,65,6,1
36,0,0,203,0,0,0,0,1,75,1,65,6,1
121,0,0,194,0,1,0,0,0,60,2,71,9,0
456,1,0,117,0,7,17,13,3,262,0,21,9,0
111,0,0,112,0,1,0,0,1,75,1,65,6,1
720,4,0,321,0,16,23,2,5,169,1,29,5,2
421,4,0,94,0,10,0,0,3,262,0,21,9,0
69,0,4,30,0,0,0,0,8,727,5,27,5,3
421,5,0,87,0,10,0,0,0,406,0,382,16,1
160,0,0,130,0,5,13,1,1,135,2,105,13,0
121,0,0,68,0,1,1,0,8,727,5,27,5,3
5146,98,0,116,0,157,69,59,4,709,4,17,8,4
41,2,0,78,0,1,7,0,1,135,2,105,13,0
2171,20,0,17,0,36,34,1,4,709,4,17,8,4
720,5,6,300,0,16,23,2,4,709,4,17,8,4
111,1,0,73,0,0,2,0,2,92,0,22,12,1
176,0,0,60,0,0,11,8,2,79,0,91,11,1
5146,99,2,59,0,157,69,59,4,316,1,47,11,3
151,0,0,231,0,0,2,0,43,2765,5,229,11,11
99,0,1,127,0,1,0,0,8,727,5,27,5,3
151,1,0,26,0,0,2,0,4,316,1,47,11,3
176,1,0,369,0,0,11,8,0,119,1,108,6,2
44,0,0,149,0,0,0,0,8,727,5,27,5,3
44,1,15,153,0,0,0,0,4,316,1,47,11,3
264,1,0,70,0,4,64,2,7,312,0,20,7,4
11,0,0,71,0,1,0,0,2,63,0,112,10,1
121,0,0,23,0,0,0,0,7,312,0,20,7,4
1933,46,0,26,0,57,275,20,7,312,0,20,7,4
1933,47,0,108,0,57,275,20,1,74,2,44,5,0
1933,48,1,109,0,57,275,20,4,709,4,17,8,4
164,0,0,182,0,5,3,0,0,44,0,17,17,0
5146,100,1,127,0,157,69,59,0,51,0,45,11,0
151,2,0,31,0,0,2,0,1,74,2,44,5,0
213,0,2,90,0,0,7,0,4,316,1,47,11,3
445,2,3,521,0,4,11,15,8,289,1,182,13,1
1933,49,2,152,0,57,275,20,8,289,1,182,13,1
21,0,0,66,0,0,0,0,0,34,2,88,5,0
16,0,0,21,0,0,0,0,0,77,2,19,13,0
421,6,7,35,0,10,0,0,3,293,2,72,13,2
131,0,2,159,0,1,5,0,3,293,2,72,13,2
445,3,1,373,0,4,11,15,3,293,2,72,13,2
2171,21,0,138,0,36,34,1,0,119,1,100,5,1
2171,22,0,108,0,36,34,1,1,134,2,28,7,0
454,0,7,51,0,10,2,1,0,194,9,107,6,1
5146,101,0,33,0,157,69,59,4,87,0,108,13,0
1,0,2,109,0,0,0,0,43,2765,5,229,11,11
61,0,0,383,0,0,0,0,1,134,2,28,7,0
213,1,2,510,0,0,7,0,3,170,0,77,11,1
136,0,3,115,0,2,1,0,3,134,0,372,7,1
61,1,4,275,0,0,0,0,2,216,2,109,9,1
176,0,0,179,0,1,1,0,2,217,0,36,11,0
454,1,0,177,0,10,2,1,8,235,2,33,17,2
454,2,0,136,0,10,2,1,8,727,5,27,5,3
491,8,1,272,0,5,5,0,8,235,2,33,17,2
456,2,0,172,0,7,17,13,8,235,2,33,17,2
456,3,0,169,0,7,17,13,8,727,5,27,5,3
666,5,0,243,0,4,39,5,6,269,0,43,13,0
666,6,0,175,0,4,39,5,8,235,2,33,17,2
61,2,0,168,0,0,0,0,0,319,3,85,11,0
2171,23,0,71,0,36,34,1,0,319,3,85,11,0
666,7,0,136,0,4,39,5,1,163,1,66,9,1
454,3,0,40,0,10,2,1,3,127,2,48,11,0
101,0,0,353,0,0,0,0,2,216,2,109,9,1
46,0,0,542,0,0,0,0,8,727,5,27,5,3
11,0,0,264,0,0,0,0,2,216,2,109,9,1
11,0,0,95,0,0,0,0,3,127,2,48,11,0
1,0,0,235,0,0,0,0,3,127,2,48,11,0
126,0,1,161,0,0,0,0,3,134,0,372,7,1
161,0,0,98,0,0,0,0,2,216,2,109,9,1
161,1,2,160,0,0,0,0,3,70,5,122,10,0
161,2,1,57,0,0,0,0,2,68,0,423,10,0
136,0,1,156,0,0,1,0,8,727,5,27,5,3
161,3,2,137,0,0,0,0,5,514,2,91,13,3
214,0,0,71,0,4,6,0,8,727,5,27,5,3
214,1,0,108,0,4,6,0,8,235,2,33,17,2
11,0,1,35,0,0,0,0,2,198,1,30,4,1
1,0,2,127,0,0,0,0,3,293,2,72,13,2
1,1,0,63,0,0,0,0,0,319,3,85,11,0
11,0,0,133,0,1,0,0,8,727,5,27,5,3
421,7,2,28,0,10,0,0,-5,105,5,50,18,0
214,2,0,51,0,4,6,0,-5,105,5,50,18,0
33,0,0,133,0,0,0,0,3,143,0,358,8,0
105,0,1,546,0,0,1,0,-5,105,5,50,18,0
1,0,0,87,0,1,0,0,-5,105,5,50,18,0
111,0,0,215,0,0,1,0,2,98,2,136,8,0
454,4,1,78,0,10,2,1,1,172,1,176,9,1
1265,1,4,235,0,45,374,2,0,89,2,105,15,1
421,8,3,61,0,10,0,0,0,62,0,167,14,0
124,0,0,221,0,3,6,0,2,70,1,119,9,0
11,0,0,101,0,0,0,0,8,289,1,182,13,1
5146,102,0,71,0,157,69,59,1,251,0,352,8,1
31,0,1,42,0,0,0,0,2,43,2,77,17,0
454,5,4,133,0,10,2,1,2,43,2,77,17,0
1,0,0,65,0,0,0,0,3,300,0,101,10,2
148,0,10,77,0,2,1,0,-2,134,2,42,15,0
124,1,0,284,0,3,6,0,8,227,2,49,3,2
1,0,0,172,0,0,0,0,-2,134,2,42,15,0
432,1,0,93,0,10,45,8,0,152,5,48,13,0
432,2,0,141,0,10,45,8,3,300,0,101,10,2
456,4,6,193,0,7,17,13,3,269,2,41,6,1
221,0,4,358,0,1,0,0,4,291,0,250,10,4
432,3,0,71,0,10,45,8,1,59,0,411,11,0
1933,50,0,93,0,57,275,20,1,59,0,411,11,0
206,0,1,265,0,0,0,0,11,780,0,53,9,2
176,2,0,319,0,0,11,8,1,167,2,383,9,1
99,0,4,137,0,0,1,0,0,152,5,48,13,0
1,0,1,82,0,0,0,0,8,499,0,53,5,1
1,0,0,55,0,0,0,0,7,139,2,38,14,0
1,1,0,33,0,0,0,0,0,152,5,48,13,0
491,9,0,380,0,5,5,0,7,139,2,38,14,0
1265,2,0,37,0,45,374,2,3,300,0,101,10,2
39,0,5,539,0,0,0,0,3,269,2,41,6,1
146,0,1,168,0,1,3,0,9,413,0,244,11,2
221,1,0,153,0,1,0,0,2,258,3,182,9,1
21,0,1,271,0,0,0,0,2,120,3,37,2,0
101,0,0,123,0,0,0,0,1,102,1,289,10,0
456,5,0,387,0,7,17,13,9,413,0,244,11,2
2171,24,2,137,0,36,34,1,2,56,0,49,5,0
456,6,10,280,0,7,17,13,4,164,0,120,6,0
850,7,0,280,0,59,70,1,-1,52,1,64,10,1
181,1,0,363,0,0,0,0,1,122,2,35,8,0
181,2,0,127,0,0,0,0,2,157,3,35,14,1
181,3,0,78,0,0,0,0,8,235,2,33,17,2
479,0,1,141,0,8,9,18,4,291,0,250,10,4
141,0,9,838,0,0,0,0,4,291,0,250,10,4
455,8,1,75,0,4,95,5,1,102,1,289,10,0
455,9,0,188,0,4,95,5,1,122,2,35,8,0
455,10,1,385,0,4,95,5,4,291,0,250,10,4
1,0,0,63,0,0,0,0,3,269,2,41,6,1
2171,25,1,224,0,36,34,1,4,1698,0,326,5,3
2171,26,1,139,0,36,34,1,4,164,0,120,6,0
479,1,0,743,0,8,9,18,0,194,9,107,6,1
1,0,2,142,0,0,0,0,1,98,5,97,8,0
2171,27,0,102,0,36,34,1,2,63,2,240,13,1
1,1,0,51,0,0,0,0,0,197,0,18,15,0
492,7,0,368,0,4,10,0,7,242,2,323,11,2
492,8,0,202,0,4,10,0,2,156,3,149,9,0
492,9,0,183,0,4,10,0,3,86,0,37,8,0
572,0,5,298,0,9,9,4,2,105,2,198,19,0
455,11,0,98,0,4,95,5,3,188,4,37,3,1
455,12,0,510,0,4,95,5,1,41,0,147,9,0
421,9,0,152,0,10,0,0,0,60,1,182,10,0
86,0,0,107,0,1,10,0,0,197,0,18,15,0
572,1,3,819,0,9,9,4,3,76,0,165,11,2
102,0,0,134,0,0,2,0,16,582,3,70,6,3
102,1,1,25,0,0,2,0,3,188,4,37,3,1
86,1,0,65,0,1,10,0,3,188,4,37,3,1
572,2,0,107,0,9,9,4,5,126,3,37,18,0
572,3,2,70,0,9,9,4,3,47,2,102,5,0
572,4,0,249,0,9,9,4,0,181,0,27,4,1
86,2,4,330,0,1,10,0,1,86,0,71,2,0
421,10,2,84,0,10,0,0,3,227,0,117,7,1
454,6,0,190,0,10,2,1,2,101,3,35,16,0
479,2,0,479,0,8,9,18,0,38,0,46,16,0
479,3,0,1162,0,8,9,18,5,514,2,91,13,3
1933,51,0,378,0,57,275,20,0,181,0,27,4,1
1045,35,0,55,0,11,11,0,-2,104,1,62,13,0
1045,36,0,238,0,11,11,0,4,291,0,250,10,4
1045,37,0,19,0,11,11,0,2,105,2,198,19,0
421,11,0,133,0,10,0,0,7,242,2,323,11,2
2171,28,0,123,0,36,34,1,6,200,1,88,8,1
2171,29,0,237,0,36,34,1,3,98,0,16,8,0
2171,30,9,214,0,36,34,1,4,169,0,244,5,0
101,0,0,44,0,0,1,0,-2,104,1,62,13,0
432,4,0,237,0,10,45,8,1,38,0,245,9,0
479,4,1,575,0,8,9,18,2,105,2,198,19,0
21,0,0,120,0,0,0,0,1,83,1,88,12,0
46,0,0,226,0,0,0,0,-1,275,1,147,6,0
2171,31,4,116,0,36,34,1,0,78,0,86,5,0
264,2,2,272,0,4,64,2,0,38,4,50,11,1
86,3,4,213,0,1,10,0,1,128,7,547,6,0
111,0,0,59,0,1,4,0,6,200,1,88,8,1
111,1,0,128,0,1,4,0,6,310,2,117,4,2
43,0,0,167,0,0,1,0,6,200,1,88,8,1
46,0,1,236,0,0,0,0,0,44,0,228,10,0
63,0,2,24,0,1,1,0,2,170,0,29,12,0
36,0,0,199,0,3,0,0,3,103,0,415,8,1
331,0,0,137,0,4,8,2,1,139,1,63,7,1
164,1,1,370,0,5,3,0,1,73,1,182,6,0
111,0,5,121,0,0,0,0,2,56,0,192,16,0
479,5,2,247,0,8,9,18,11,780,0,53,9,2
2171,32,1,137,0,36,34,1,3,38,0,206,5,0
445,4,0,196,0,4,11,15,5,115,0,131,12,0
0,1,0,45,0,0,0,0,0,132,2,75,11,0
1933,52,1,104,0,57,275,20,7,58,0,109,7,1
432,5,3,158,0,10,45,8,0,132,1,132,14,0
156,0,4,209,0,1,8,0,8,183,0,253,7,2
164,2,0,203,0,5,3,0,-1,166,2,22,6,0
31,0,1,121,0,0,4,0,3,100,0,66,6,0
455,13,0,212,0,4,95,5,2,51,0,81,15,1
179,0,0,138,0,4,61,12,-1,185,0,236,12,0
179,1,0,116,0,4,61,12,4,295,0,80,7,2
179,2,0,93,0,4,61,12,2,215,0,67,8,1
179,3,1,116,0,4,61,12,3,165,0,58,5,0
850,8,3,884,0,59,70,1,5,509,5,126,6,2
421,12,5,107,0,10,0,0,2,215,0,67,8,1
0,2,1,36,0,0,0,0,0,482,6,46,9,2
178,0,0,149,0,3,34,0,4,295,0,80,7,2
27,0,0,263,0,2,1,0,4,295,0,80,7,2
445,5,1,162,0,4,11,15,3,47,0,71,12,0
455,14,0,205,0,4,95,5,-1,185,0,236,12,0
264,3,0,334,0,4,64,2,0,482,6,46,9,2
27,1,0,270,0,2,1,0,-1,185,0,236,12,0
27,2,1,269,0,2,1,0,8,289,1,182,13,1
146,0,0,184,0,0,0,0,2,73,0,112,8,0
31,0,0,231,0,2,0,0,0,58,1,85,8,0
2171,33,0,36,0,36,34,1,2,41,0,293,11,0
455,15,1,176,0,4,95,5,0,58,1,85,8,0
27,3,1,56,0,2,1,0,4,316,1,47,11,3
86,0,2,152,0,1,0,0,0,482,6,46,9,2
454,7,1,69,0,10,2,1,5,509,5,126,6,2
1,0,0,63,0,1,0,0,4,316,1,47,11,3
80,0,0,284,0,2,0,0,4,87,0,108,13,0
80,1,0,191,0,2,0,0,7,312,0,20,7,4
454,8,0,177,0,10,2,1,4,248,6,33,4,2
1,0,0,95,0,2,0,0,4,248,6,33,4,2
1265,3,0,50,0,45,374,2,2,76,1,26,10,1
1265,4,2,128,0,45,374,2,1,368,2,98,12,2
1265,5,0,98,0,45,374,2,0,30,3,114,4,0
1265,6,2,208,0,45,374,2,2,215,0,67,8,1
1,0,1,206,0,0,0,0,5,509,5,126,6,2
179,4,2,245,0,4,61,12,2,138,7,103,3,0
179,5,3,127,0,4,61,12,5,91,0,159,10,0
276,1,0,273,0,3,64,0,4,295,0,80,7,2
276,2,0,210,0,3,64,0,2,90,0,45,10,0
454,9,0,89,0,10,2,1,3,173,2,120,9,0
221,2,0,139,0,1,0,0,4,212,8,36,12,0
720,6,0,513,0,16,23,2,22,601,2,56,15,3
121,0,0,117,0,0,0,0,5,213,0,19,5,2
264,4,0,345,0,4,64,2,7,242,2,323,11,2
1265,7,2,99,0,45,374,2,7,125,0,37,18,0
130,0,1,156,0,1,5,1,0,138,3,189,8,0
101,0,0,44,0,1,4,0,0,138,3,189,8,0
1,0,0,109,0,0,0,0,4,295,0,80,7,2
139,0,0,79,0,1,0,0,1,227,1,148,13,0
181,0,0,94,0,0,1,0,2,70,6,27,12,0
2171,34,1,132,0,36,34,1,0,138,3,189,8,0
111,0,0,129,0,2,6,0,2,55,3,40,3,0
21,0,0,104,0,1,40,0,6,510,1,46,4,2
176,3,1,175,0,0,11,8,3,43,0,165,12,1
181,1,0,97,0,0,1,0,2,126,2,109,11,0
328,0,0,80,0,2,7,0,5,101,2,45,7,1
121,0,0,102,0,1,0,0,2,126,2,109,11,0
26,0,0,136,0,1,0,0,2,126,2,109,11,0
11,0,0,85,0,0,0,0,4,91,0,67,8,0
21,0,0,35,0,1,0,0,2,126,2,109,11,0
479,6,0,191,0,8,9,18,11,475,5,35,13,5
328,1,0,165,0,2,7,0,2,86,2,159,9,1
151,0,0,478,0,1,3,0,43,2765,5,229,11,11
151,1,0,89,0,1,3,0,2,86,2,159,9,1
328,2,4,74,0,2,7,0,3,78,0,65,7,1
328,3,0,75,0,2,7,0,4,272,3,41,7,0
264,5,0,277,0,4,64,2,2,89,2,43,6,1
720,7,0,298,0,16,23,2,6,510,1,46,4,2
1933,53,0,184,0,57,275,20,2,66,0,48,8,0
181,2,2,311,0,0,1,0,6,289,2,98,6,1
1,0,0,72,0,0,0,0,6,289,2,98,6,1
1265,8,0,262,0,45,374,2,6,289,2,98,6,1
445,6,2,302,0,4,11,15,2,63,4,202,8,0
206,1,0,269,0,0,0,0,6,289,2,98,6,1
546,2,7,322,0,65,34,20,2,107,2,99,13,1
1,0,0,171,0,0,0,0,-1,212,0,245,8,0
59,0,3,75,0,3,1,0,3,129,0,211,11,0
11,0,0,121,0,0,0,0,-1,212,0,245,8,0
101,0,0,148,0,0,0,0,1,783,2,45,15,2
130,1,5,943,0,1,5,1,1,123,0,504,12,1
328,4,0,289,0,2,7,0,2,89,1,154,6,0
546,3,0,926,0,65,34,20,4,137,0,67,5,0
21,0,0,49,0,0,0,0,8,223,0,150,5,2
101,0,0,65,0,2,0,0,4,117,2,90,6,0
21,0,0,62,0,0,0,0,0,61,0,43,5,0
111,0,4,174,0,1,0,0,43,2765,5,229,11,11
11,0,0,264,0,0,0,0,43,2765,5,229,11,11
328,5,0,60,0,2,7,0,1,50,1,71,16,0
1,0,0,42,0,0,0,0,1,50,1,71,16,0
1265,9,0,1434,0,45,374,2,3,158,6,205,6,1
173,0,2,98,0,0,4,0,6,406,0,264,13,4
491,10,0,282,0,5,5,0,2,89,1,154,6,0
282,5,7,112,0,5,19,0,6,406,0,264,13,4
2171,35,4,285,0,36,34,1,6,406,0,264,13,4
2171,36,3,36,0,36,34,1,3,158,6,205,6,1
328,6,0,111,0,2,7,0,7,160,1,48,12,3
1,0,2,100,0,0,0,0,6,406,0,264,13,4
11,0,0,84,0,0,0,0,3,117,1,18,16,0
859,8,2,70,0,15,103,4,3,117,1,18,16,0
1,0,0,35,0,1,0,0,6,72,0,163,4,0
11,1,0,70,0,0,0,0,0,143,3,23,3,1
221,3,0,141,0,1,0,0,6,131,1,392,18,1
185,2,0,31,0,1,11,1,7,160,1,48,12,3
1265,10,0,129,0,45,374,2,6,131,1,392,18,1
111,0,3,45,0,0,1,0,5,68,0,48,13,1
111,1,0,105,0,0,1,0,3,117,1,18,16,0
111,2,0,29,0,0,1,0,6,406,0,264,13,4
106,0,0,81,0,0,2,0,3,117,1,18,16,0
44,3,0,46,0,2,2,0,7,160,1,48,12,3
1,0,1,91,0,0,0,0,3,158,6,205,6,1
31,0,0,198,0,0,0,0,6,289,2,98,6,1
206,2,0,277,0,0,0,0,2,38,0,86,15,0
164,3,0,331,0,5,3,0,-1,61,0,60,12,0
2171,37,2,608,0,36,34,1,0,75,0,296,7,0
131,0,1,14,0,0,0,0,1,32,1,23,8,0
2171,38,1,63,0,36,34,1,6,123,0,108,10,0
1265,11,4,490,0,45,374,2,4,191,3,115,7,2
1265,12,0,216,0,45,374,2,6,239,0,230,6,1
121,0,0,76,0,0,2,0,1,32,0,135,8,0
1933,54,2,191,0,57,275,20,5,103,0,226,11,0
1933,55,0,97,0,57,275,20,4,117,2,90,6,0
546,4,0,1305,0,65,34,20,6,239,0,230,6,1
2171,39,8,53,0,36,34,1,4,64,5,250,16,0
2171,40,4,176,0,36,34,1,4,67,2,96,12,0
1265,13,4,184,0,45,374,2,5,103,0,226,11,0
491,11,0,38,0,5,5,0,3,82,3,137,7,0
2171,41,2,123,0,36,34,1,1,51,3,52,11,1
1265,14,0,234,0,45,374,2,1,51,3,52,11,1
758,10,4,129,0,11,51,7,2,99,0,77,10,1
2171,42,4,88,0,36,34,1,3,91,0,29,5,0
31,0,3,332,0,2,1,0,4,98,6,101,18,0
133,0,2,122,0,2,0,0,3,91,0,29,5,0
1265,15,4,93,0,45,374,2,2,99,0,77,10,1
11,0,0,22,0,0,0,0,2,99,0,77,10,1
206,1,0,248,0,1,0,0,4,125,2,29,10,0
181,3,0,157,0,0,1,0,1,121,1,366,4,0
331,1,2,110,0,4,8,2,5,69,0,578,23,1
571,0,0,132,0,4,5,0,4,125,2,29,10,0
331,2,3,421,0,4,8,2,4,309,0,167,2,1
121,0,0,236,0,0,5,0,4,309,0,167,2,1
116,0,0,124,0,0,0,0,0,436,1,121,21,0
1,0,0,55,0,0,0,0,0,436,1,121,21,0
216,1,0,185,0,2,1,0,6,173,1,227,7,0
101,1,1,183,0,1,4,0,3,102,0,219,7,1
331,3,6,242,0,4,8,2,3,102,0,219,7,1
331,4,1,197,0,4,8,2,2,67,0,117,4,0
1933,56,0,50,0,57,275,20,1,151,0,71,8,0
44,4,0,66,0,2,2,0,1,151,0,71,8,0
44,5,0,47,0,2,2,0,0,406,0,382,16,1
44,6,0,74,0,2,2,0,3,202,2,25,20,0
141,0,1,174,0,1,7,0,5,228,0,128,3,3
80,2,0,73,0,2,0,0,1,84,1,85,10,0
80,3,0,336,0,2,0,0,15,2913,0,56,9,8
311,0,0,479,0,7,12,2,1,80,0,285,10,0
31,0,0,112,0,0,0,0,7,963,0,140,12,1
311,1,0,75,0,7,12,2,2,39,0,154,10,0
186,0,0,113,0,1,1,0,5,228,0,128,3,3
31,1,0,550,0,2,0,0,5,228,0,128,3,3
572,5,2,65,0,9,9,4,5,68,0,48,13,1
124,2,7,60,0,3,6,0,8,280,4,288,4,0
41,0,0,149,0,0,0,0,2,99,0,77,10,1
41,1,0,160,0,0,0,0,2,169,0,54,8,0
41,2,0,338,0,0,0,0,6,289,2,98,6,1
186,1,0,59,0,1,1,0,8,280,4,288,4,0
850,9,0,260,0,59,70,1,-1,316,4,40,7,0
1933,57,0,24,0,57,275,20,1,31,0,73,10,0
1933,58,0,312,0,57,275,20,-1,316,4,40,7,0
1933,59,0,159,0,57,275,20,2,169,0,54,8,0
216,2,0,154,0,2,1,0,5,115,0,118,7,0
1265,16,0,81,0,45,374,2,5,65,0,59,10,0
2171,43,0,103,0,36,34,1,-1,43,2,150,8,0
44,7,0,124,0,2,2,0,1,56,0,263,14,0
2171,44,1,96,0,36,34,1,2,216,0,153,8,0
1,0,0,151,0,0,0,0,8,280,4,288,4,0
91,0,0,82,0,3,3,0,1,50,0,82,12,0
1,0,0,93,0,0,0,0,8,280,4,288,4,0
572,6,3,185,0,9,9,4,2,216,0,153,8,0
2171,45,0,114,0,36,34,1,7,285,1,56,11,6
311,2,0,147,0,7,12,2,7,285,1,56,11,6
173,1,2,138,0,0,4,0,1,368,2,98,12,2
491,12,0,136,0,5,5,0,10,348,0,40,4,3
61,0,0,183,0,1,2,0,6,1791,0,21,6,6
91,1,0,290,0,3,3,0,2,625,4,25,6,2
567,0,0,177,0,18,73,297,10,348,0,40,4,3
546,5,1,434,0,65,34,20,5,243,1,21,10,2
311,3,1,113,0,7,12,2,1,368,2,98,12,2
111,0,0,49,0,0,1,0,1,368,2,98,12,2
91,2,0,119,0,3,3,0,-1,211,4,10,9,1
91,3,1,179,0,3,3,0,1,368,2,98,12,2
61,1,0,185,0,1,2,0,7,285,1,56,11,6
567,1,2,111,0,18,73,297,7,285,1,56,11,6
546,6,3,605,0,65,34,20,0,133,1,37,10,0
11,0,0,72,0,0,0,0,0,143,3,23,3,1
46,0,0,352,0,0,0,0,-1,107,0,83,10,0
21,0,1,388,0,1,0,0,0,47,3,146,10,0
1,0,0,24,0,0,0,0,-1,211,4,10,9,1
1,1,0,119,0,0,0,0,4,176,0,101,7,2
121,0,0,169,0,1,0,0,4,176,0,101,7,2
2171,46,1,218,0,36,34,1,0,115,2,36,6,0
1265,17,0,135,0,45,374,2,4,175,10,488,13,1
101,0,2,150,0,1,0,0,0,108,0,199,5,1
181,0,0,366,0,2,5,0,4,96,0,142,6,2
1,0,0,144,0,0,0,0,4,175,10,488,13,1
121,0,0,438,0,0,0,0,4,175,10,488,13,1
567,2,3,37,0,18,73,297,0,121,5,92,6,0
567,3,1,258,0,18,73,297,4,69,0,119,7,1
121,0,1,30,0,0,0,0,1,623,5,34,7,0
111,0,0,287,0,0,2,0,4,175,10,488,13,1
33,0,0,125,0,1,1,0,4,175,10,488,13,1
567,4,1,42,0,18,73,297,4,81,0,24,8,0
526,13,3,365,0,13,4,4,2,96,8,135,9,0
1933,60,0,94,0,57,275,20,6,129,0,87,20,0
2171,47,2,32,0,36,34,1,6,129,0,87,20,0
859,9,2,308,0,15,103,4,4,178,1,70,7,3
859,10,2,102,0,15,103,4,4,45,0,30,10,0
46,1,0,144,0,0,0,0,4,272,3,41,7,0
567,5,1,47,0,18,73,297,7,172,0,188,5,0
111,0,0,897,0,0,0,0,4,175,10,488,13,1
74,0,0,59,0,3,3,0,0,491,0,302,8,0
21,0,0,104,0,1,0,0,10,434,2,102,8,0
1933,61,1,112,0,57,275,20,2,124,0,565,8,0
2171,48,1,69,0,36,34,1,2,72,4,73,11,0
2171,49,0,194,0,36,34,1,6,201,1,12,13,1
74,1,2,60,0,3,3,0,1,151,0,71,8,0
74,2,0,38,0,3,3,0,-1,67,0,54,2,0
1265,18,0,185,0,45,374,2,0,87,1,67,15,0
181,1,3,94,0,2,5,0,1,98,1,45,9,0
2171,50,1,119,0,36,34,1,10,221,0,120,11,1
2171,51,0,119,0,36,34,1,1,151,0,71,8,0
121,0,1,85,0,0,0,0,1,98,1,45,9,0
116,0,1,43,0,0,0,0,2,72,3,173,8,0
101,0,0,394,0,0,0,0,1,122,2,35,8,0
859,11,0,116,0,15,103,4,3,202,2,25,20,0
1933,62,0,167,0,57,275,20,3,202,2,25,20,0
1933,63,0,147,0,57,275,20,5,723,2,27,10,3
1265,19,1,131,0,45,374,2,5,68,0,48,13,1
1265,20,1,185,0,45,374,2,1,152,3,46,9,0
2171,52,0,215,0,36,34,1,1,45,0,68,14,0
491,13,0,146,0,5,5,0,2,387,1,36,14,2
546,7,0,969,0,65,34,20,6,209,2,97,12,3
181,2,0,139,0,2,5,0,4,116,6,328,5,0
1,0,2,46,0,0,0,0,5,723,2,27,10,3
101,0,0,106,0,0,0,0,6,209,2,97,12,3
571,1,1,127,0,4,5,0,0,46,2,71,6,0
214,3,0,77,0,4,6,0,1,45,0,68,14,0
720,8,1,230,0,16,23,2,4,116,6,328,5,0
131,0,0,89,0,1,0,0,3,120,4,107,17,2
131,1,5,66,0,1,0,0,1,32,0,45,7,1
131,2,0,87,0,1,0,0,2,58,1,28,5,0
131,3,0,78,0,1,0,0,1,481,4,36,4,2
571,2,0,308,0,4,5,0,2,360,0,76,14,1
129,0,1,182,0,0,5,3,-2,574,7,24,7,0
567,6,0,90,0,18,73,297,-1,66,4,76,3,0
131,4,0,80,0,1,0,0,2,50,0,43,8,0
181,3,1,551,0,2,5,0,8,269,5,343,15,3
19,0,3,237,0,1,1,0,7,232,4,116,9,0
720,9,2,666,0,16,23,2,1,152,3,46,9,0
29,0,2,65,0,0,0,0,5,167,4,110,6,0
29,1,1,64,0,0,0,0,1,74,1,135,3,0
1265,21,0,267,0,45,374,2,5,167,4,110,6,0
214,4,0,95,0,4,6,0,7,232,4,116,9,0
56,0,2,23,0,0,3,0,2,187,7,370,5,0
1265,22,0,228,0,45,374,2,7,232,4,116,9,0
1,0,1,51,0,1,0,0,4,238,6,30,8,0
432,6,1,140,0,10,45,8,-1,165,5,130,7,0
1265,23,0,501,0,45,374,2,2,68,1,40,8,0
1265,24,5,553,0,45,374,2,5,184,10,226,6,1
394,0,4,120,0,5,10,8,1,117,2,53,10,0
394,1,0,208,0,5,10,8,4,238,6,30,8,0
394,2,0,45,0,5,10,8,5,66,2,53,15,0
394,3,7,86,0,5,10,8,4,272,3,41,7,0
1265,25,0,298,0,45,374,2,4,272,3,41,7,0
1265,26,0,377,0,45,374,2,5,184,10,226,6,1
55,0,0,128,0,1,29,0,4,272,3,41,7,0
11,0,0,22,0,0,0,0,7,172,0,188,5,0
11,1,1,43,0,0,0,0,-3,147,5,43,15,1
567,7,0,103,0,18,73,297,-3,147,5,43,15,1
394,4,0,316,0,5,10,8,14,355,3,137,12,1
55,1,0,211,0,1,29,0,14,355,3,137,12,1
186,2,0,149,0,1,1,0,8,200,0,236,10,4
394,5,0,183,0,5,10,8,1,118,4,307,12,1
128,0,0,42,0,0,6,0,1,118,4,307,12,1
41,0,0,87,0,0,1,0,-1,82,1,23,9,0
44,8,1,66,0,2,2,0,-1,226,2,55,7,0
1933,64,0,236,0,57,275,20,-3,147,5,43,15,1
186,0,0,212,0,11,23,18,8,200,0,236,10,4
572,7,0,180,0,9,9,4,-1,33,0,117,14,0
1,0,0,101,0,0,0,0,5,184,10,226,6,1
720,10,5,368,0,16,23,2,2,154,2,61,11,0
101,0,1,144,0,0,0,0,2,154,2,61,11,0
214,5,0,122,0,4,6,0,1,133,4,67,8,1
720,11,0,378,0,16,23,2,-1,226,2,55,7,0
41,1,1,250,0,0,1,0,7,179,2,59,7,2
331,5,0,308,0,4,8,2,0,37,1,55,11,0
1,0,0,57,0,0,0,0,6,176,2,70,7,1
331,6,0,339,0,4,8,2,1,34,0,161,13,0
23,0,0,357,0,0,1,0,2,104,0,125,6,0
101,0,0,265,0,0,1,0,8,200,0,236,10,4
720,12,0,187,0,16,23,2,5,714,3,16,8,1
571,3,8,118,0,4,5,0,6,260,0,65,13,1
1,0,0,153,0,0,0,0,6,260,0,65,13,1
1,0,1,47,0,0,0,0,7,172,0,188,5,0
111,0,0,247,0,0,1,0,6,260,0,65,13,1
571,4,1,125,0,4,5,0,1,31,2,40,9,0
432,7,0,226,0,10,45,8,1,122,0,66,6,0
1933,65,0,206,0,57,275,20,1,122,0,66,6,0
141,0,0,386,0,0,1,0,1,122,0,66,6,0
567,8,0,67,0,18,73,297,2,251,6,58,5,0
141,0,1,283,0,3,2,0,1,47,0,124,9,0
214,6,0,67,0,4,6,0,1,33,4,82,5,1
567,9,1,60,0,18,73,297,-1,160,2,167,9,2
572,8,0,107,0,9,9,4,0,174,0,167,4,0
111,0,0,87,0,0,1,0,-1,160,2,167,9,2
720,13,0,671,0,16,23,2,5,115,0,118,7,0
1,0,0,36,0,0,0,0,6,82,0,199,23,0
221,0,0,509,0,1,11,0,0,273,13,29,3,0
311,4,7,910,0,7,12,2,0,85,2,46,14,1
572,9,0,137,0,9,9,4,3,100,0,137,9,1
186,1,1,194,0,11,23,18,3,100,0,137,9,1
141,1,0,115,0,3,2,0,0,491,0,302,8,0
101,0,0,79,0,1,0,0,22,578,0,14,11,4
1,0,2,13,0,0,0,0,2,170,0,29,12,0
214,7,0,138,0,4,6,0,0,273,13,29,3,0
1933,66,1,61,0,57,275,20,3,263,6,55,6,2
571,5,0,143,0,4,5,0,3,88,1,213,21,0
2171,53,9,455,0,36,34,1,0,107,14,206,13,0
104,0,0,118,0,0,0,0,-1,24,0,140,10,0
394,6,1,122,0,5,10,8,0,97,0,112,6,0
491,14,1,80,0,5,5,0,3,88,1,213,21,0
546,8,0,1598,0,65,34,20,3,263,6,55,6,2
546,9,0,192,0,65,34,20,5,192,1,51,10,2
56,1,0,82,0,0,3,0,1,188,0,159,12,0
567,10,1,255,0,18,73,297,1,188,0,159,12,0
1,0,1,78,0,1,0,0,0,176,1,82,12,0
121,0,0,91,0,0,1,0,0,176,1,82,12,0
2171,54,1,75,0,36,34,1,0,65,0,56,10,1
81,0,1,51,0,0,0,0,0,176,1,82,12,0
491,15,0,126,0,5,5,0,0,65,0,56,10,1
491,16,0,76,0,5,5,0,4,79,0,326,10,0
1933,67,0,61,0,57,275,20,5,151,3,198,6,4
567,11,0,14,0,18,73,297,5,151,3,198,6,4
571,6,0,55,0,4,5,0,5,151,3,198,6,4
2171,55,0,99,0,36,34,1,1,103,3,98,8,1
214,8,0,66,0,4,6,0,5,151,3,198,6,4
81,1,2,525,0,0,0,0,5,108,0,96,13,0
81,2,0,124,0,0,0,0,2,82,1,129,17,1
1933,68,0,220,0,57,275,20,1,445,4,224,7,4
127,0,0,252,0,4,2,0,0,107,14,206,13,0
328,0,2,662,0,2,2,0,1,445,4,224,7,4
11,0,2,282,0,0,0,0,1,445,4,224,7,4
11,0,1,25,0,1,0,0,1,48,1,83,4,0
11,1,0,75,0,1,0,0,0,176,1,82,12,0
328,1,0,132,0,2,2,0,0,176,1,82,12,0
571,7,0,86,0,4,5,0,4,161,2,59,6,0
1933,69,0,169,0,57,275,20,3,73,1,59,24,1
168,4,0,190,0,1,26,1,1,445,4,224,7,4
546,10,0,578,0,65,34,20,2,292,4,146,6,1
292,0,3,369,0,9,13,3,3,99,0,246,8,0
491,17,1,297,0,5,5,0,7,179,2,59,7,2
21,0,0,68,0,0,0,0,2,184,3,346,8,0
292,1,0,113,0,9,13,3,1,29,0,109,20,0
53,0,0,137,0,2,4,0,8,281,2,53,7,0
292,2,1,200,0,9,13,3,1,157,0,43,13,1
1,0,0,61,0,0,0,0,1,783,2,45,15,2
331,7,0,246,0,4,8,2,1,108,3,127,7,0
571,8,1,105,0,4,5,0,1,269,0,49,14,0
571,9,1,175,0,4,5,0,4,140,4,69,10,0
53,1,0,305,0,2,4,0,9,96,1,210,17,0
292,3,0,98,0,9,13,3,3,66,0,21,8,1
241,0,0,263,0,10,5,1,3,66,0,21,8,1
241,1,3,189,0,10,5,1,3,241,0,31,6,1
84,0,1,124,0,2,2,0,3,101,1,25,15,0
241,2,1,303,0,10,5,1,8,183,0,253,7,2
241,3,0,229,0,10,5,1,5,213,0,19,5,2
432,8,3,113,0,10,45,8,3,101,1,25,15,0
111,0,0,57,0,0,2,0,5,213,0,19,5,2
111,1,0,75,0,0,2,0,1,269,0,49,14,0
111,2,0,122,0,0,2,0,0,53,0,28,7,0
1,0,1,70,0,0,0,0,4,161,2,59,6,0
101,0,0,46,0,1,1,0,4,161,2,59,6,0
1265,27,3,130,0,45,374,2,0,65,0,102,5,1
1265,28,1,627,0,45,374,2,3,96,7,113,11,0
1265,29,1,76,0,45,374,2,1,61,2,89,16,0
11,0,0,441,0,0,0,0,0,53,0,28,7,0
1,1,0,205,0,0,0,0,2,82,0,29,9,0
571,10,10,343,0,4,5,0,2,58,6,67,5,0
328,2,1,88,0,2,2,0,1,196,3,267,10,1
143,0,1,917,0,3,9,0,1,196,3,267,10,1
111,0,0,176,0,0,0,0,1,196,3,267,10,1
11,0,5,81,0,0,0,0,3,71,0,100,6,0
571,11,0,51,0,4,5,0,3,71,0,100,6,0
571,12,4,68,0,4,5,0,3,107,0,166,15,0
21,0,0,19,0,0,0,0,1,157,0,43,13,1
126,0,7,84,0,2,0,0,3,71,0,100,6,0
126,1,1,85,0,2,0,0,1,269,0,49,14,0
21,0,1,42,0,0,0,0,13,638,0,175,11,3
328,3,0,130,0,2,2,0,13,638,0,175,11,3
1265,30,0,107,0,45,374,2,1,61,4,71,12,0
126,2,0,159,0,2,0,0,0,42,2,97,16,0
720,14,0,224,0,16,23,2,13,638,0,175,11,3
546,11,0,323,0,65,34,20,13,638,0,175,11,3
206,2,0,634,0,1,0,0,1,59,3,128,15,0
1265,31,0,310,0,45,374,2,1,69,3,146,8,0
178,1,0,103,0,3,34,0,2,147,1,105,4,0
178,2,0,54,0,3,34,0,3,107,0,166,15,0
178,3,0,624,0,3,34,0,1,110,6,140,5,0
5146,103,1,105,0,157,69,59,1,69,3,146,8,0
1265,32,0,242,0,45,374,2,1,188,0,159,12,0
101,0,0,311,0,0,6,0,7,232,4,116,9,0
571,13,1,199,0,4,5,0,3,73,2,669,9,0
56,0,0,113,0,2,0,0,1,178,2,39,6,0
1265,33,0,332,0,45,374,2,0,273,13,29,3,0
5146,104,0,39,0,157,69,59,3,73,2,669,9,0
31,0,0,30,0,1,1,0,1,178,2,39,6,0
181,4,0,248,0,2,5,0,2,25,0,120,10,0
1933,70,0,134,0,57,275,20,2,130,5,64,11,2
171,0,0,146,0,3,3,0,2,341,0,26,10,3
1933,71,0,115,0,57,275,20,1,30,0,88,11,0
1265,34,0,190,0,45,374,2,1,30,0,88,11,0
114,0,0,77,0,0,1,0,1,178,2,39,6,0
31,1,0,46,0,1,1,0,0,26,1,64,10,0
171,1,0,151,0,3,3,0,2,360,0,76,14,1
328,4,0,110,0,2,2,0,3,239,6,65,6,0
1265,35,3,723,0,45,374,2,2,122,2,238,16,0
171,2,2,103,0,3,3,0,7,347,5,22,5,4
111,0,0,74,0,0,0,0,1,58,2,21,9,0
394,7,0,82,0,5,10,8,3,239,6,65,6,0
26,0,0,108,0,1,0,0,1,169,6,348,10,1
11,0,0,58,0,0,0,0,1,227,1,148,13,0
11,0,0,49,0,0,0,0,1,783,2,45,15,2
121,0,0,44,0,1,2,0,7,347,5,22,5,4
1265,36,2,97,0,45,374,2,1,58,2,111,6,0
101,0,0,74,0,0,2,0,28,2823,0,44,10,7
1,0,1,21,0,0,0,0,28,2823,0,44,10,7
121,1,5,127,0,1,16,0,4,92,2,100,5,1
1,0,0,47,0,1,0,0,7,347,5,22,5,4
292,4,2,98,0,9,13,3,0,65,2,28,13,0
546,12,0,140,0,65,34,20,3,114,0,11,10,1
13,0,0,154,0,0,0,0,7,347,5,22,5,4
84,1,9,201,0,2,2,0,4,432,6,87,7,1
2171,56,1,43,0,36,34,1,0,37,1,768,6,0
394,8,6,183,0,5,10,8,4,432,6,87,7,1
41,0,2,111,0,1,1,0,-1,155,3,302,6,0
567,12,3,69,0,18,73,297,-1,41,0,54,6,0
567,13,1,46,0,18,73,297,-1,155,3,302,6,0
720,15,6,268,0,16,23,2,6,1722,3,92,13,2
1265,37,7,549,0,45,374,2,6,1722,3,92,13,2
9,0,7,357,0,1,0,0,4,432,6,87,7,1
394,9,6,34,0,5,10,8,1,355,3,219,6,1
1265,38,12,283,0,45,374,2,1,355,3,219,6,1
1265,39,0,129,0,45,374,2,-1,155,3,302,6,0
1,0,0,23,0,0,0,0,0,50,0,157,18,0
432,9,5,154,0,10,45,8,1,355,3,219,6,1
109,0,6,105,0,0,1,0,1,355,3,219,6,1
129,0,6,693,0,1,2,0,4,432,6,87,7,1
151,0,5,300,0,1,0,0,4,432,6,87,7,1
151,1,1,259,0,1,0,0,22,601,2,56,15,3
151,2,1,562,0,1,0,0,8,244,0,178,8,0
151,3,0,68,0,1,0,0,6,82,0,199,23,0
168,5,0,125,0,1,26,1,6,82,0,199,23,0
479,7,2,1149,0,8,9,18,1,355,3,219,6,1
1265,40,6,395,0,45,374,2,4,432,6,87,7,1
479,8,1,1507,0,8,9,18,6,1722,3,92,13,2
311,5,2,200,0,7,12,2,4,62,0,116,8,0
292,5,2,132,0,9,13,3,-1,22,4,122,6,0
36,0,2,112,0,2,0,0,2,47,0,144,12,0
21,0,0,188,0,2,0,0,-1,41,0,99,6,0
56,2,0,71,0,0,3,0,-1,41,0,99,6,0
311,6,4,97,0,7,12,2,0,26,0,99,19,0
21,0,0,47,0,1,0,0,-1,41,0,99,6,0
1,0,2,440,0,0,0,0,4,268,3,56,5,8
572,10,0,347,0,9,9,4,2,108,0,120,14,1
479,9,1,1049,0,8,9,18,4,268,3,56,5,8
479,10,0,287,0,8,9,18,3,40,1,34,5,0
479,11,2,1503,0,8,9,18,2,154,2,61,11,0
21,1,0,75,0,2,0,0,3,88,0,52,5,2
1933,72,0,50,0,57,275,20,3,88,0,52,5,2
1,0,1,20,0,0,0,0,3,88,0,52,5,2
479,12,0,1973,0,8,9,18,6,209,2,97,12,3
479,13,0,863,0,8,9,18,4,86,2,305,16,1
94,0,3,136,0,2,4,0,4,226,3,80,8,0
94,1,0,77,0,2,4,0,3,88,0,52,5,2
41,1,1,185,0,1,1,0,4,226,3,80,8,0
479,14,0,1615,0,8,9,18,4,432,6,87,7,1
11,0,0,18,0,0,0,0,-1,30,0,32,7,0
11,0,0,38,0,0,0,0,1,20,0,66,5,0
41,0,0,17,0,0,0,0,2,181,2,57,3,3
445,7,2,33,0,4,11,15,2,181,2,57,3,3
479,15,0,978,0,8,9,18,6,117,4,104,14,0
121,1,3,50,0,0,1,0,1,190,8,89,6,0
394,10,1,651,0,5,10,8,1,355,3,219,6,1
479,16,0,451,0,8,9,18,22,601,2,56,15,3
311,7,0,379,0,7,12,2,2,51,5,232,9,0
1933,73,12,239,0,57,275,20,2,51,5,232,9,0
1933,74,2,102,0,57,275,20,1,190,8,89,6,0
1933,75,0,367,0,57,275,20,5,74,6,166,7,2
101,1,0,152,0,1,0,0,-1,33,1,271,3,0
572,11,0,203,0,9,9,4,4,112,3,142,9,1
1265,41,0,202,0,45,374,2,6,258,3,70,8,0
21,0,0,71,0,0,0,0,0,300,0,46,5,0
103,0,0,107,0,0,3,0,6,258,3,70,8,0
241,4,0,175,0,10,5,1,8,113,0,37,5,1
1933,76,0,193,0,57,275,20,1,86,1,82,7,1
1265,42,3,131,0,45,374,2,1,86,1,82,7,1
111,0,0,104,0,1,0,0,3,188,4,37,3,1
103,1,0,121,0,0,3,0,2,112,5,94,4,1
479,17,0,550,0,8,9,18,0,37,1,211,8,0
111,0,0,511,0,0,2,0,5,91,2,52,6,0
103,2,0,72,0,0,3,0,2,93,1,12,8,1
567,14,5,29,0,18,73,297,2,71,0,58,12,1
21,1,2,90,0,1,0,0,2,71,0,58,12,1
567,15,0,59,0,18,73,297,2,74,4,106,11,0
103,3,0,261,0,0,3,0,0,60,4,62,14,1
572,12,0,128,0,9,9,4,5,93,0,149,8,1
567,16,1,47,0,18,73,297,5,93,0,149,8,1
11,0,0,79,0,0,0,0,3,41,0,120,7,0
572,13,1,341,0,9,9,4,8,112,2,123,9,0
479,18,1,324,0,8,9,18,2,71,0,58,12,1
572,14,1,253,0,9,9,4,1,39,1,53,13,0
2171,57,0,67,0,36,34,1,3,178,6,65,8,6
41,1,0,82,0,0,0,0,5,91,2,52,6,0
1,0,6,45,0,0,0,0,2,87,0,80,4,2
479,19,0,1824,0,8,9,18,8,112,2,123,9,0
479,20,0,172,0,8,9,18,1,51,4,62,10,0
572,15,0,96,0,9,9,4,2,12,0,92,13,0
111,0,0,52,0,0,2,0,3,52,0,88,8,1
130,2,1,154,0,1,5,1,11,297,3,53,7,4
859,12,0,147,0,15,103,4,6,134,1,422,10,1
81,3,4,222,0,0,0,0,4,62,3,215,12,1
81,4,1,223,0,0,0,0,3,82,3,339,8,1
151,2,0,121,0,1,3,0,4,62,3,215,12,1
72,0,2,229,0,0,9,0,11,297,3,53,7,4
479,21,0,53,0,8,9,18,4,62,3,215,12,1
546,13,0,1093,0,65,34,20,6,134,1,422,10,1
46,0,0,33,0,0,0,0,3,178,6,65,8,6
146,0,0,152,0,3,3,0,11,297,3,53,7,4
72,1,0,156,0,0,9,0,11,297,3,53,7,4
31,0,0,146,0,1,0,0,5,124,2,152,4,5
164,4,0,21,0,5,3,0,2,32,0,35,4,2
164,5,0,162,0,5,3,0,0,43,0,78,4,2
164,6,0,103,0,5,3,0,0,57,5,57,13,0
6,0,0,144,0,0,0,0,1,35,3,46,10,0
572,16,0,63,0,9,9,4,-1,53,0,80,6,0
479,22,0,2064,0,8,9,18,5,119,7,134,6,1
1,1,2,92,0,2,0,0,2,258,3,182,9,1
11,0,0,189,0,0,0,0,5,124,2,152,4,5
546,14,0,256,0,65,34,20,7,347,5,22,5,4
146,1,4,454,0,3,3,0,3,114,1,106,8,1
116,0,1,138,0,0,2,0,2,87,0,80,4,2
101,0,0,88,0,0,1,0,3,32,0,103,5,0
146,2,0,147,0,3,3,0,0,66,0,172,6,0
572,17,2,301,0,9,9,4,3,71,8,46,10,0
1265,43,0,303,0,45,374,2,3,71,8,46,10,0
1933,77,0,134,0,57,275,20,2,46,5,88,3,0
859,13,0,456,0,15,103,4,5,119,7,134,6,1
1265,44,0,82,0,45,374,2,3,96,8,137,6,0
21,0,0,61,0,0,2,0,3,96,8,137,6,0
1265,45,2,115,0,45,374,2,1,87,4,38,4,0
21,0,1,85,0,0,0,0,4,131,1,82,11,0
21,0,0,82,0,0,1,0,0,50,0,157,18,0
394,11,1,266,0,5,10,8,4,131,1,82,11,0
1265,46,3,183,0,45,374,2,1,127,5,50,7,0
1265,47,9,347,0,45,374,2,-1,63,14,164,3,0
21,0,0,106,0,0,1,0,2,49,7,149,7,0
191,0,0,729,0,1,27,0,1,127,5,50,7,0
572,18,6,465,0,9,9,4,1,90,6,145,6,0
121,0,0,132,0,0,0,0,1,90,6,145,6,0
21,1,3,95,0,0,1,0,4,49,1,188,10,0
1265,48,2,178,0,45,374,2,1,90,6,145,6,0
191,1,0,282,0,1,27,0,1,133,4,67,8,1
191,2,1,342,0,1,27,0,3,55,3,87,8,0
394,12,0,133,0,5,10,8,2,73,0,187,11,0
191,3,0,72,0,1,27,0,10,434,2,102,8,0
11,0,3,202,0,0,0,0,1,127,5,50,7,0
131,0,0,76,0,0,0,0,-2,34,0,83,10,0
11,0,3,145,0,0,0,0,2,37,2,131,8,0
101,0,2,355,0,0,0,0,1,19,1,92,6,0
130,0,5,252,0,2,3,0,0,52,0,563,15,0
394,13,0,192,0,5,10,8,5,119,7,134,6,1
130,1,1,406,0,2,3,0,1,68,4,44,6,1
1933,78,0,158,0,57,275,20,2,35,0,144,14,0
394,14,0,75,0,5,10,8,4,436,0,88,12,0
1265,49,0,212,0,45,374,2,2,35,0,144,14,0
191,4,0,611,0,1,27,0,4,436,0,88,12,0
720,16,3,433,0,16,23,2,4,436,0,88,12,0
11,0,2,97,0,0,0,0,4,436,0,88,12,0
1265,50,0,190,0,45,374,2,0,35,1,385,13,0
1933,79,0,84,0,57,275,20,2,30,1,148,21,1
1,0,0,73,0,0,0,0,4,49,1,188,10,0
331,8,0,204,0,4,8,2,2,23,3,37,7,1
191,5,0,494,0,1,27,0,1,12,1,149,13,0
1,0,0,22,0,0,0,0,0,15,0,101,9,0
